link_id,from_node_id,to_node_id,cum_arrival,cum_departure,max_queue_exb,max_occupancy
1,1,547,4969,4969,91,91
2,2,548,6698,6698,98,98
3,3,549,10077,10077,135,135
4,4,550,9412,9412,138,139
5,5,551,17203,17203,176,179
6,6,552,6420,6420,150,150
7,7,553,9851,9851,159,159
8,8,554,9222,9222,154,154
9,9,555,6676,6676,137,137
10,10,556,13808,13808,156,156
11,11,557,10524,10524,153,153
12,12,558,6976,6976,154,154
13,13,559,9382,9382,180,180
14,14,560,14739,14739,196,201
15,15,561,8924,8924,168,169
16,16,562,10293,10293,207,209
17,17,563,9083,9083,152,154
18,18,564,9305,9305,244,244
19,19,565,2619,2619,136,136
20,20,566,7686,7686,160,160
21,21,567,4674,4674,146,146
22,22,568,3341,3341,123,123
23,23,569,12656,12656,215,215
24,24,570,5991,5991,168,168
25,25,571,5977,5977,180,180
26,26,572,12915,12915,225,225
27,27,573,7719,7719,158,159
28,28,574,8648,8648,173,175
29,29,575,14537,14537,199,200
30,30,576,5394,5394,123,123
31,31,577,7808,7808,143,143
32,32,578,7877,7877,151,151
33,33,579,4701,4701,136,136
34,34,580,6447,6447,151,151
35,35,581,5121,5121,171,171
36,36,582,6058,6058,177,177
37,37,583,1119,1119,83,83
38,38,584,2192,2192,128,128
39,39,585,6706,6706,197,197
40,40,586,1833,1833,87,87
41,41,587,8037,8037,350,350
42,42,588,2098,2098,115,115
43,43,589,5263,5263,224,224
44,44,590,7106,7106,199,199
45,45,591,6224,6224,168,168
46,46,592,6545,6545,168,168
47,47,593,2872,2872,115,115
48,48,594,4975,4975,160,160
49,49,595,3491,3491,115,115
50,50,596,4732,4732,148,148
51,51,597,1563,1563,78,78
52,52,598,2021,2021,80,80
53,53,599,4647,4647,106,106
54,54,600,1233,1233,79,79
55,55,601,1735,1735,130,130
56,56,602,4259,4259,137,137
57,57,603,1623,1623,128,128
58,58,604,5934,5934,253,253
59,59,605,5189,5189,171,171
60,60,606,5118,5118,189,189
61,61,607,5228,5228,183,183
62,62,608,5446,5446,126,126
63,63,609,3725,3725,179,179
64,64,610,9102,9102,242,242
65,65,611,3441,3441,136,136
66,66,612,6172,6172,117,117
67,67,613,3842,3842,174,174
68,68,614,6506,6506,123,123
69,69,615,6277,6277,199,199
70,70,616,4462,4462,108,108
71,71,617,3955,3955,124,124
72,72,618,7283,7283,132,132
73,73,619,7658,7658,157,157
74,74,620,2628,2628,93,93
75,75,621,2671,2671,69,69
76,76,622,5952,5952,191,191
77,77,623,7990,7990,207,207
78,78,624,6817,6817,161,161
79,79,625,3818,3818,107,107
80,80,626,10308,10308,174,175
81,81,627,8339,8339,222,222
82,82,628,5749,5749,143,143
83,83,629,4257,4257,155,155
84,84,630,6416,6416,138,138
85,85,631,13277,13277,199,200
86,86,632,5281,5281,177,177
87,87,633,5939,5939,190,190
88,88,634,4556,4556,169,169
89,89,635,2342,2342,119,119
90,90,636,2189,2189,101,101
91,91,637,7068,7068,195,195
92,92,638,1711,1711,122,122
93,93,639,4339,4339,158,158
94,94,640,446,446,74,74
95,95,641,2729,2729,140,140
96,96,642,563,563,80,80
97,97,643,6287,6287,146,146
98,98,644,8415,8415,155,156
99,99,645,4497,4497,169,169
100,100,646,3568,3568,161,161
101,101,647,3129,3129,150,150
102,102,648,3637,3637,170,170
103,103,649,1719,1719,131,131
104,104,650,3056,3056,150,150
105,105,651,953,953,84,84
106,106,652,3814,3814,145,145
107,107,653,3603,3603,137,137
108,108,654,3745,3745,138,138
109,109,655,2995,2995,124,124
110,110,656,5648,5648,158,158
111,111,657,5432,5432,157,157
112,112,658,3639,3639,132,132
113,113,659,3764,3764,152,152
114,114,660,2111,2111,70,70
115,115,661,4020,4020,164,165
116,116,662,2346,2346,94,94
117,117,663,796,796,65,65
118,118,664,4256,4256,121,121
119,119,665,1261,1261,73,73
120,120,666,1481,1481,94,94
121,121,667,3769,3769,132,132
122,122,668,1925,1925,109,109
123,123,669,4264,4264,146,146
124,124,670,1782,1782,72,72
125,125,671,2194,2194,101,101
126,126,672,479,479,59,59
127,127,673,2103,2103,97,97
128,128,674,838,838,88,88
129,129,675,3826,3826,159,159
130,130,676,2974,2974,144,144
131,131,677,4961,4961,176,176
132,132,678,3956,3956,176,176
133,133,679,5188,5188,168,168
134,134,680,3328,3328,154,154
135,135,681,5465,5465,174,174
136,136,682,6363,6363,233,233
137,137,683,2322,2322,117,117
138,138,684,1435,1435,109,109
139,139,685,1587,1587,111,111
140,140,686,1074,1074,93,93
141,141,687,5270,5270,179,179
142,142,688,5073,5073,168,168
143,143,689,4043,4043,179,179
144,144,690,3026,3026,138,138
145,145,691,7182,7182,156,156
146,146,692,6916,6916,157,157
147,147,693,6257,6257,184,184
148,148,694,6619,6619,229,229
149,149,695,4137,4137,155,155
150,150,696,1434,1434,89,89
151,151,697,1697,1697,104,104
152,152,698,2427,2427,128,128
153,153,699,4410,4410,166,166
154,154,700,5086,5086,204,204
155,155,701,4432,4432,167,167
156,156,702,4324,4324,165,165
157,157,703,5831,5831,190,190
158,158,704,6224,6224,193,193
159,159,705,4563,4563,165,165
160,160,706,5060,5060,164,164
161,161,707,1731,1731,118,118
162,162,708,628,628,64,64
163,163,709,402,402,53,53
164,164,710,2440,2440,138,138
165,165,711,437,437,51,51
166,166,712,2386,2386,128,128
167,167,713,1130,1130,102,102
168,168,714,242,242,38,38
169,169,715,532,532,63,63
170,170,716,5223,5223,200,200
171,171,717,1050,1050,93,93
172,172,718,2998,2998,156,156
173,173,719,580,580,60,60
174,174,720,316,316,36,36
175,175,721,1214,1214,74,74
176,176,722,776,776,82,82
177,177,723,394,394,60,60
178,178,724,2498,2498,129,129
179,179,725,1712,1712,113,113
180,180,726,282,282,28,28
181,181,727,625,625,61,61
182,182,728,2230,2230,122,122
183,183,729,1171,1171,89,89
184,184,730,1423,1423,96,96
185,185,731,921,921,70,70
186,186,732,451,451,33,33
187,187,733,916,916,55,55
188,188,734,2988,2988,141,141
189,189,735,3575,3575,159,159
190,190,736,4911,4911,148,148
191,191,737,3793,3793,170,170
192,192,738,1232,1232,82,82
193,193,739,138,138,28,28
194,194,740,1276,1276,95,95
195,195,741,882,882,67,67
196,196,742,698,698,71,71
197,197,743,711,711,48,48
198,198,744,2433,2433,90,90
199,199,745,2968,2968,123,123
200,200,746,2555,2555,117,117
201,201,747,1093,1093,88,88
202,202,748,1628,1628,100,100
203,203,749,1509,1509,109,109
204,204,750,1947,1947,107,107
205,205,751,2011,2011,160,160
206,206,752,685,685,63,63
207,207,753,1970,1970,133,133
208,208,754,1481,1481,100,100
209,209,755,4450,4450,157,157
210,210,756,6091,6091,224,224
211,211,757,2084,2084,144,144
212,212,758,475,475,71,71
213,213,759,110,110,30,30
214,214,760,1396,1396,105,105
215,215,761,189,189,41,41
216,216,762,1268,1268,130,130
217,217,763,1719,1719,134,134
218,218,764,1339,1339,122,122
219,219,765,4020,4020,177,177
220,220,766,4371,4371,146,146
221,221,767,2486,2486,141,141
222,222,768,2851,2851,200,200
223,223,769,832,832,76,76
224,224,770,1400,1400,118,118
225,225,771,1043,1043,83,83
226,226,772,2097,2097,146,146
227,227,773,1011,1011,93,93
228,228,774,2196,2196,125,125
229,229,775,2338,2338,115,115
230,230,776,2985,2985,132,132
231,231,777,3183,3183,136,136
232,232,778,3904,3904,135,135
233,233,779,4002,4002,155,155
234,234,780,929,929,56,56
235,235,781,231,231,27,27
236,236,782,356,356,42,42
237,237,783,776,776,82,82
238,238,784,286,286,37,37
239,239,785,517,517,50,50
240,240,786,323,323,32,32
241,241,787,1189,1189,62,62
242,242,788,334,334,42,42
243,243,789,585,585,50,50
244,244,790,1851,1851,118,118
245,245,791,856,856,60,60
246,246,792,1166,1166,76,76
247,247,793,1030,1030,66,66
248,248,794,364,364,31,31
249,249,795,2410,2410,125,125
250,250,796,570,570,65,65
251,251,797,257,257,33,33
252,252,798,619,619,67,67
253,253,799,1343,1343,87,87
254,254,800,905,905,75,75
255,255,801,286,286,20,20
256,256,802,464,464,46,46
257,257,803,1484,1484,104,104
258,258,804,1652,1652,102,102
259,259,805,2989,2989,154,154
260,260,806,1500,1500,93,93
261,261,807,1249,1249,92,92
262,262,808,1357,1357,104,104
263,263,809,921,921,82,82
264,264,810,328,328,71,71
265,265,811,111,111,29,29
266,266,812,122,122,26,26
267,267,813,3178,3178,172,172
268,268,814,1942,1942,118,118
269,269,815,1349,1349,103,103
270,270,816,1017,1017,85,85
271,271,817,452,452,57,57
272,272,818,554,554,52,52
273,273,819,1427,1427,95,95
274,274,820,180,180,29,29
275,275,821,1313,1313,98,98
276,276,822,528,528,61,61
277,277,823,1419,1419,95,95
278,278,824,1104,1104,82,82
279,279,825,1330,1330,124,124
280,280,826,652,652,78,78
281,281,827,326,326,60,60
282,282,828,179,179,38,38
283,283,829,1991,1991,101,101
284,284,830,449,449,65,65
285,285,831,638,638,62,62
286,286,832,282,282,38,38
287,287,833,3487,3487,138,139
288,288,834,5280,5280,169,169
289,289,835,1049,1049,97,97
290,290,836,816,816,77,77
291,291,837,783,783,79,79
292,292,838,700,700,71,71
293,293,839,594,594,66,66
294,294,840,673,673,73,73
295,295,841,814,814,81,81
296,296,842,1226,1226,101,101
297,297,843,894,894,70,70
298,298,844,482,482,76,76
299,299,845,898,898,71,71
300,300,846,382,382,47,47
301,301,847,494,494,59,59
302,302,848,225,225,41,41
303,303,849,1573,1573,91,91
304,304,850,632,632,48,48
305,305,851,1348,1348,67,67
306,306,852,202,202,28,28
307,307,853,328,328,35,35
308,308,854,318,318,26,26
309,309,855,907,907,76,76
310,310,856,90,90,18,18
311,311,857,95,95,24,24
312,312,858,497,497,55,55
313,313,859,213,213,31,31
314,314,860,479,479,49,49
315,315,861,78,78,15,15
316,316,862,726,726,52,52
317,317,863,168,168,24,24
318,318,864,982,982,69,69
319,319,865,964,964,61,61
320,320,866,2871,2871,122,122
321,321,867,380,380,30,30
322,322,868,545,545,57,57
323,323,869,140,140,28,28
324,324,870,190,190,27,27
325,325,871,94,94,19,19
326,326,872,109,109,21,21
327,327,873,57,57,13,13
328,328,874,548,548,49,49
329,329,875,646,646,57,57
330,330,876,232,232,24,24
331,331,877,1415,1415,73,73
332,332,878,885,885,66,66
333,333,879,78,78,15,15
334,334,880,170,170,16,16
335,335,881,556,556,42,42
336,336,882,55,55,11,11
337,337,883,65,65,16,16
338,338,884,321,321,35,35
339,339,885,95,95,19,19
340,340,886,585,585,44,44
341,341,887,81,81,14,14
342,342,888,265,265,28,28
343,343,889,124,124,21,21
344,344,890,137,137,12,12
345,345,891,548,548,22,22
346,346,892,2330,2330,67,68
347,347,893,316,316,26,26
348,348,894,359,359,29,29
349,349,895,136,136,16,16
350,350,896,213,213,12,12
351,351,897,1793,1793,48,48
352,352,898,624,624,26,26
353,353,899,302,302,21,21
354,354,900,235,235,10,10
355,355,901,204,204,18,18
356,356,902,13748,13748,232,234
357,357,903,11545,11545,159,163
358,358,904,4090,4090,86,87
359,359,905,5325,5325,81,84
360,360,906,4174,4174,62,62
361,361,907,931,931,33,33
362,362,908,2595,2595,36,36
363,363,909,548,548,14,14
364,364,910,505,505,30,30
365,365,911,869,869,24,24
366,366,912,181,181,10,10
367,367,913,2459,2459,95,95
368,368,914,1159,1159,56,56
369,369,915,303,303,18,18
370,370,916,597,597,25,25
371,371,917,574,574,30,30
372,372,918,617,617,37,37
373,373,919,1232,1232,61,61
374,374,920,1489,1489,60,60
375,375,921,903,903,77,77
376,376,922,5527,5527,151,151
377,377,923,1695,1695,168,168
378,378,924,189,189,41,41
379,379,925,1290,1290,129,129
380,380,926,497,497,110,110
381,381,927,1918,1918,70,70
382,382,928,1558,1558,63,63
383,383,929,728,728,55,55
384,384,930,0,0,0,0
385,385,931,167,167,43,43
386,386,932,22,22,5,5
387,387,933,5875,5875,277,277
388,388,390,1545,1545,4,91
389,388,391,1874,1874,8,206
390,388,708,158,158,3,8
391,388,802,190,190,3,11
392,389,390,248,248,5,38
393,389,801,124,124,3,8
394,389,914,290,290,2,10
395,390,388,1505,1505,34,185
396,390,389,153,153,2,6
397,390,925,1425,1425,4,53
398,391,388,1604,1604,6,57
399,391,392,2823,2823,23,191
400,391,709,604,604,6,11
401,391,715,443,443,6,37
402,392,391,1893,1893,6,54
403,392,393,3743,3743,6,146
404,392,713,1180,1180,4,20
405,392,717,609,609,2,24
406,393,392,2747,2747,10,53
407,393,394,4909,4909,76,202
408,393,712,2361,2361,6,51
409,393,716,3103,3103,6,42
410,394,393,3071,3071,8,79
411,394,395,4484,4484,16,154
412,394,584,483,483,2,33
413,394,601,624,624,5,16
414,395,394,2670,2670,14,58
415,395,396,5229,5229,9,209
416,395,584,1058,1058,7,39
417,395,600,1884,1884,6,50
418,396,395,2434,2434,8,75
419,396,397,5229,5229,13,144
420,397,396,2434,2434,8,54
421,397,398,6629,6629,13,177
422,397,588,1892,1892,6,61
423,397,604,4043,4043,10,52
424,398,397,4388,4388,9,103
425,398,399,7125,7125,13,65
426,398,400,2625,2625,15,58
427,398,403,6813,6813,22,180
428,399,398,4645,4645,11,65
429,399,537,5977,5977,11,183
430,399,604,4401,4401,10,99
431,399,609,7904,7904,16,65
432,400,398,4264,4264,17,130
433,400,401,1976,1976,9,79
434,400,587,1150,1150,12,16
435,400,609,0,0,0,0
436,401,400,3555,3555,35,138
437,401,402,0,0,0,0
438,401,585,3921,3921,11,52
439,401,590,6835,6835,14,105
440,402,401,0,0,0,0
441,403,398,5413,5413,11,149
442,403,404,7058,7058,34,196
443,403,606,1617,1617,6,43
444,403,611,2154,2154,5,36
445,404,403,6010,6010,15,172
446,404,405,8075,8075,9,101
447,404,675,1982,1982,9,59
448,404,680,7275,7275,12,77
449,405,404,7414,7414,15,95
450,405,406,2393,2393,8,74
451,405,488,5913,5913,10,77
452,406,405,3843,3843,13,110
453,406,407,3622,3622,9,115
454,406,677,2567,2567,8,46
455,406,682,3635,3635,13,83
456,407,406,4908,4908,12,150
457,407,408,4744,4744,14,127
458,407,687,4117,4117,11,53
459,407,692,6841,6841,11,137
460,408,407,5619,5619,14,164
461,408,409,2809,2809,9,73
462,408,689,1434,1434,4,29
463,408,694,3237,3237,11,65
464,409,408,3933,3933,9,92
465,409,410,3542,3542,11,124
466,409,538,4175,4175,9,68
467,409,539,6695,6695,14,182
468,410,409,5382,5382,14,214
469,410,411,3437,3437,8,85
470,410,690,1635,1635,4,38
471,410,700,3027,3027,11,31
472,411,410,4438,4438,14,158
473,411,412,3210,3210,6,78
474,411,685,3699,3699,12,119
475,411,695,4167,4167,10,54
476,412,411,4303,4303,15,137
477,412,413,3210,3210,6,77
478,413,412,4303,4303,6,136
479,413,414,2849,2849,6,57
480,413,730,2543,2543,19,61
481,413,734,2788,2788,10,30
482,414,413,3825,3825,14,138
483,414,415,540,540,3,24
484,414,731,1301,1301,6,35
485,414,735,2976,2976,6,24
486,415,414,1153,1153,10,95
487,415,416,735,735,3,37
488,415,727,419,419,6,21
489,415,733,778,778,6,27
490,416,415,1569,1569,6,152
491,416,417,679,679,3,34
492,416,726,147,147,4,11
493,416,732,42,42,2,5
494,417,416,1438,1438,13,153
495,417,732,238,238,2,13
496,417,913,567,567,4,19
497,417,926,368,368,3,28
498,418,419,3584,3584,22,243
499,418,921,823,823,4,33
500,418,922,1237,1237,4,31
501,418,923,1536,1536,5,76
502,419,418,1882,1882,6,57
503,419,420,4312,4312,11,263
504,419,739,313,313,3,15
505,419,743,331,331,3,8
506,420,419,2097,2097,6,55
507,420,421,4629,4629,18,213
508,420,751,1104,1104,4,22
509,420,752,1309,1309,7,36
510,421,420,2207,2207,6,51
511,421,422,5410,5410,15,218
512,421,753,2580,2580,15,31
513,421,754,1068,1068,7,49
514,422,421,2389,2389,7,56
515,422,423,6629,6629,23,231
516,422,762,1322,1322,5,16
517,422,766,1033,1033,3,32
518,423,422,3204,3204,8,71
519,423,424,6198,6198,23,222
520,423,764,1950,1950,9,17
521,423,767,990,990,3,36
522,424,423,3092,3092,12,77
523,424,425,6170,6170,14,228
524,424,773,1354,1354,5,24
525,424,777,1046,1046,3,37
526,425,424,2993,2993,11,76
527,425,426,6706,6706,11,137
528,425,775,1962,1962,6,55
529,425,779,2680,2680,4,38
530,426,425,3928,3928,11,68
531,426,427,4025,4025,8,64
532,426,441,4699,4699,9,205
533,427,426,3627,3627,7,66
534,427,428,3031,3031,7,106
535,427,594,4911,4911,19,54
536,427,779,2089,2089,9,39
537,428,427,2527,2527,10,83
538,428,429,1665,1665,6,25
539,428,431,5515,5515,10,79
540,429,428,3450,3450,7,53
541,429,430,0,0,0,0
542,429,593,1647,1647,6,35
543,429,778,2191,2191,7,62
544,430,429,0,0,0,0
545,431,428,3226,3226,13,63
546,431,432,6449,6449,9,172
547,431,593,2471,2471,7,34
548,431,597,770,770,4,25
549,432,431,4998,4998,9,159
550,432,433,6030,6030,11,122
551,432,595,1175,1175,10,31
552,432,599,3633,3633,7,46
553,433,432,4572,4572,10,138
554,433,434,5820,5820,11,105
555,433,616,3970,3970,9,92
556,433,617,2844,2844,15,63
557,434,433,4607,4607,14,125
558,434,435,5207,5207,10,135
559,434,618,1885,1885,5,57
560,434,619,7424,7424,27,58
561,435,434,4887,4887,9,158
562,435,436,6405,6405,9,105
563,435,552,5627,5627,11,40
564,435,554,3279,3279,25,105
565,436,435,6302,6302,9,119
566,436,437,7188,7188,16,209
567,436,496,13666,13666,16,113
568,437,436,7261,7261,9,189
569,437,438,6615,6615,13,274
570,437,554,5577,5577,11,36
571,437,556,1955,1955,6,80
572,438,437,6402,6402,13,234
573,438,439,3912,3912,13,106
574,438,535,4152,4152,19,357
575,438,536,5987,5987,9,139
576,438,540,5169,5169,8,67
577,439,438,5390,5390,15,133
578,439,440,4934,4934,12,118
579,439,614,4579,4579,10,97
580,439,615,5977,5977,31,83
581,440,439,6434,6434,11,156
582,440,441,3526,3526,12,88
583,440,612,2450,2450,4,56
584,440,613,2550,2550,4,40
585,441,426,2319,2319,12,103
586,441,440,5228,5228,14,124
587,441,591,4350,4350,13,99
588,441,596,7808,7808,17,60
589,442,443,733,733,8,61
590,442,898,85,85,1,6
591,442,899,167,167,2,7
592,442,929,660,660,3,27
593,443,442,630,630,3,17
594,443,444,971,971,6,85
595,443,897,997,997,8,15
596,443,898,303,303,1,12
597,444,443,906,906,4,27
598,444,445,971,971,7,88
599,445,444,906,906,4,29
600,445,446,1306,1306,7,82
601,445,885,75,75,3,14
602,445,886,284,284,2,8
603,446,445,897,897,5,40
604,446,447,1595,1595,9,88
605,446,858,191,191,3,8
606,446,859,69,69,3,7
607,447,446,953,953,6,44
608,447,448,2142,2142,8,82
609,447,848,223,223,7,19
610,447,849,629,629,4,16
611,448,447,1164,1164,6,43
612,448,449,3504,3504,9,122
613,448,664,2043,2043,6,44
614,448,665,1120,1120,6,17
615,449,448,2132,2132,8,53
616,449,450,2892,2892,9,85
617,449,662,783,783,4,19
618,449,663,1684,1684,4,25
619,450,449,1757,1757,8,32
620,450,451,2776,2776,9,59
621,450,453,2586,2586,16,83
622,450,508,2586,2586,10,81
623,451,450,1607,1607,9,45
624,451,452,3762,3762,10,94
625,451,654,1303,1303,7,21
626,451,655,1811,1811,6,34
627,452,451,2224,2224,9,61
628,452,525,5151,5151,13,130
629,452,652,3117,3117,12,64
630,452,654,3090,3090,12,51
631,453,450,3026,3026,7,120
632,453,454,2227,2227,6,134
633,453,650,632,632,3,23
634,453,841,516,516,2,14
635,454,453,2479,2479,24,195
636,454,455,2817,2817,6,62
637,454,838,454,454,20,29
638,454,840,762,762,5,28
639,455,454,2747,2747,7,97
640,455,456,3142,3142,6,53
641,455,833,1123,1123,6,45
642,455,835,511,511,3,11
643,456,455,3145,3145,6,123
644,456,457,2620,2620,7,48
645,456,834,2000,2000,7,28
646,456,836,868,868,4,18
647,457,456,2863,2863,8,61
648,457,458,2280,2280,6,38
649,457,829,417,417,3,28
650,457,831,1328,1328,5,12
651,458,457,2702,2702,8,44
652,458,459,2081,2081,8,29
653,458,467,2229,2229,6,75
654,458,468,3025,3025,6,100
655,459,458,2988,2988,12,81
656,459,460,2011,2011,6,63
657,459,832,215,215,2,9
658,459,845,18,18,1,2
659,460,459,2839,2839,6,124
660,460,461,1989,1989,5,72
661,460,872,373,373,6,38
662,460,875,461,461,3,13
663,461,460,2568,2568,8,124
664,461,462,1733,1733,4,57
665,461,874,630,630,4,19
666,461,877,465,465,3,20
667,462,461,2058,2058,14,110
668,462,873,11,11,1,1
669,462,876,170,170,2,9
670,462,927,1572,1572,4,65
671,463,464,1558,1558,7,72
672,463,928,1736,1736,5,129
673,464,463,1736,1736,5,39
674,464,465,1592,1592,8,87
675,464,883,84,84,4,7
676,464,884,25,25,2,3
677,465,464,1753,1753,5,69
678,465,466,1865,1865,7,88
679,465,862,165,165,4,9
680,465,881,275,275,3,9
681,466,465,1850,1850,5,61
682,466,467,2157,2157,8,102
683,466,855,362,362,5,9
684,466,862,360,360,6,32
685,467,458,2533,2533,14,114
686,467,466,1982,1982,6,71
687,467,845,435,435,3,11
688,467,855,360,360,3,15
689,468,458,2236,2236,13,49
690,468,469,2936,2936,9,95
691,468,829,398,398,3,7
692,468,830,247,247,4,9
693,469,468,2098,2098,6,45
694,469,470,3471,3471,7,117
695,469,819,1200,1200,6,14
696,469,824,561,561,5,21
697,470,469,2438,2438,6,53
698,470,471,3566,3566,14,127
699,470,817,364,364,2,10
700,470,822,224,224,2,12
701,471,470,2244,2244,6,65
702,471,472,4440,4440,10,135
703,471,815,502,502,6,30
704,471,816,1120,1120,4,17
705,472,471,2494,2494,6,59
706,472,473,6272,6272,16,136
707,472,813,1500,1500,11,28
708,472,815,1618,1618,7,41
709,473,472,2768,2768,9,52
710,473,474,2849,2849,9,89
711,473,475,4835,4835,9,154
712,473,707,789,789,2,30
713,473,813,697,697,2,16
714,474,473,1418,1418,10,57
715,474,538,4289,4289,13,122
716,474,701,1034,1034,5,20
717,474,706,3791,3791,12,77
718,475,473,2279,2279,9,61
719,475,476,5022,5022,9,106
720,475,706,1593,1593,9,51
721,475,707,621,621,6,23
722,476,475,2595,2595,9,49
723,476,477,4878,4878,10,180
724,476,705,2027,2027,9,34
725,476,707,843,843,5,24
726,477,476,2769,2769,9,101
727,477,478,7589,7589,17,175
728,477,503,4080,4080,13,63
729,477,504,5505,5505,11,82
730,478,477,5847,5847,11,149
731,478,479,8881,8881,16,229
732,478,633,4568,4568,10,82
733,478,703,4287,4287,9,88
734,479,478,7005,7005,12,216
735,479,480,7570,7570,13,127
736,479,629,3130,3130,6,61
737,479,693,4363,4363,26,60
738,480,479,7124,7124,11,107
739,480,481,3513,3513,9,48
740,480,483,6555,6555,9,91
741,480,484,5903,5903,11,111
742,480,486,6617,6617,20,158
743,481,480,3787,3787,17,100
744,481,482,0,0,0,0
745,481,483,3108,3108,11,45
746,481,691,6037,6037,10,106
747,482,481,0,0,0,0
748,483,480,6089,6089,11,109
749,483,481,3024,3024,9,47
750,483,539,4190,4190,10,133
751,483,693,8783,8783,18,42
752,484,480,5730,5730,13,116
753,484,485,6247,6247,12,178
754,484,627,6579,6579,13,87
755,484,629,723,723,4,20
756,485,484,6278,6278,12,189
757,485,489,7036,7036,9,147
758,485,626,7643,7643,11,84
759,485,628,4359,4359,11,85
760,486,480,6536,6536,12,146
761,486,535,9324,9324,11,44
762,486,627,7384,7384,18,127
763,486,691,2905,2905,9,60
764,487,488,4361,4361,9,126
765,487,535,5516,5516,19,198
766,487,681,4262,4262,8,48
767,487,682,2898,2898,8,71
768,488,405,3802,3802,11,60
769,488,487,5909,5909,10,148
770,488,680,2659,2659,5,64
771,488,682,2350,2350,6,54
772,489,485,7131,7131,19,179
773,489,490,7352,7352,11,80
774,489,630,2065,2065,6,39
775,489,631,1760,1760,6,50
776,490,489,6261,6261,24,86
777,490,491,8398,8398,11,155
778,490,557,3236,3236,9,83
779,490,631,3231,3231,9,73
780,491,490,6797,6797,11,162
781,491,492,8780,8780,11,151
782,491,558,4814,4814,15,91
783,491,559,8188,8188,11,47
784,492,491,7796,7796,21,181
785,492,493,5581,5581,12,63
786,492,561,5058,5058,16,103
787,492,562,9561,9561,16,48
788,493,492,4527,4527,16,65
789,493,494,7799,7799,21,166
790,493,497,7749,7749,11,136
791,493,562,9161,9161,17,87
792,493,564,16858,16858,25,141
793,494,493,8363,8363,14,136
794,494,495,9660,9660,30,270
795,494,561,6118,6118,12,53
796,494,563,10132,10132,16,131
797,495,494,11735,11735,16,219
798,495,496,10124,10124,24,267
799,495,551,3604,3604,9,93
800,495,560,5963,5963,10,45
801,496,436,13490,13490,43,163
802,496,495,11143,11143,16,206
803,496,553,5775,5775,9,64
804,496,556,4608,4608,21,101
805,497,493,10136,10136,17,165
806,497,498,7749,7749,11,60
807,498,497,10136,10136,11,66
808,498,499,4303,4303,9,68
809,498,533,6642,6642,11,88
810,499,498,5029,5029,12,86
811,499,500,5613,5613,14,135
812,499,567,9919,9919,18,113
813,499,569,6161,6161,12,90
814,500,499,7088,7088,9,139
815,500,501,5282,5282,14,169
816,500,566,6082,6082,12,83
817,500,570,5350,5350,8,51
818,501,500,6658,6658,14,172
819,501,502,3513,3513,18,143
820,501,571,2589,2589,9,49
821,501,636,6152,6152,18,39
822,502,501,5415,5415,11,163
823,502,503,3405,3405,11,141
824,502,632,2525,2525,5,39
825,502,634,1676,1676,4,66
826,503,477,2743,2743,13,51
827,503,502,5399,5399,19,192
828,503,504,1901,1901,12,34
829,503,633,4492,4492,9,122
830,504,477,6475,6475,15,80
831,504,503,5811,5811,12,51
832,504,505,5150,5150,11,140
833,504,635,4558,4558,16,29
834,505,504,7609,7609,12,246
835,505,506,5586,5586,12,112
836,505,634,4216,4216,34,73
837,505,639,2014,2014,7,37
838,506,505,7372,7372,18,195
839,506,507,4365,4365,16,127
840,506,639,2033,2033,8,35
841,506,644,4451,4451,9,79
842,507,506,5234,5234,12,216
843,507,508,3521,3521,9,160
844,507,578,558,558,3,40
845,507,646,2016,2016,7,36
846,508,450,2180,2180,8,68
847,508,507,4489,4489,21,352
848,508,509,5035,5035,9,95
849,509,508,5597,5597,17,168
850,509,510,6241,6241,11,111
851,509,659,4159,4159,10,28
852,509,667,1127,1127,4,36
853,510,509,6477,6477,13,192
854,510,511,5840,5840,9,34
855,510,658,4363,4363,7,21
856,510,666,751,751,4,23
857,511,510,5887,5887,17,32
858,511,512,5728,5728,9,80
859,511,521,2590,2590,8,55
860,511,522,2434,2434,9,151
861,512,511,5962,5962,12,130
862,512,513,5212,5212,8,104
863,512,661,2521,2521,8,22
864,512,670,131,131,1,8
865,513,512,5660,5660,12,194
866,513,514,4432,4432,8,117
867,513,902,3238,3238,6,61
868,513,905,1228,1228,9,65
869,514,513,5029,5029,11,208
870,514,515,3321,3321,7,77
871,514,903,2153,2153,5,34
872,514,905,659,659,8,41
873,515,514,3722,3722,9,169
874,515,516,221,221,3,13
875,515,534,2984,2984,6,45
876,515,544,724,724,3,5
877,515,932,27,27,1,2
878,516,515,312,312,7,21
879,516,517,425,425,3,17
880,516,903,2737,2737,11,129
881,516,906,2019,2019,6,23
882,517,516,1040,1040,6,36
883,517,518,198,198,3,11
884,517,908,480,480,4,14
885,517,909,132,132,2,6
886,518,517,537,537,6,24
887,518,911,213,213,3,9
888,518,912,67,67,2,4
889,518,930,0,0,0,0
890,519,520,0,0,0,0
891,519,521,2328,2328,4,74
892,519,668,2764,2764,7,24
893,519,670,846,846,6,20
894,520,519,0,0,0,0
895,521,511,3995,3995,9,160
896,521,519,1694,1694,8,36
897,521,666,1282,1282,5,15
898,521,670,469,469,3,18
899,522,511,842,842,6,37
900,522,523,2434,2434,70,209
901,523,522,842,842,6,57
902,523,530,6794,6794,10,141
903,523,545,4353,4353,11,11
904,524,525,3098,3098,9,93
905,524,545,4707,4707,66,204
906,524,578,2546,2546,8,83
907,524,647,2877,2877,8,39
908,525,452,3012,3012,9,76
909,525,524,5249,5249,28,154
910,525,652,1755,1755,7,30
911,525,657,2502,2502,7,40
912,526,527,3475,3475,6,104
913,526,528,5755,5755,9,391
914,526,541,2112,2112,5,16
915,526,546,197,197,2,9
916,527,526,3885,3885,7,177
917,527,542,917,917,4,10
918,527,543,3905,3905,6,85
919,527,546,1143,1143,4,60
920,528,526,3937,3937,8,207
921,528,529,5398,5398,11,64
922,528,573,2294,2294,7,71
923,528,575,5641,5641,7,41
924,529,528,5285,5285,10,51
925,529,530,3476,3476,11,74
926,529,531,11315,11315,13,128
927,530,523,3929,3929,335,353
928,530,529,5951,5951,16,121
929,530,575,5257,5257,9,84
930,530,577,3112,3112,12,58
931,531,529,8727,8727,11,91
932,531,532,10165,10165,12,143
933,531,573,1812,1812,6,39
934,531,574,3077,3077,6,62
935,532,531,8509,8509,12,117
936,532,533,9081,9081,15,118
937,532,569,4855,4855,29,87
938,532,574,2061,2061,5,34
939,533,498,8303,8303,16,111
940,533,532,7473,7473,11,98
941,533,568,3456,3456,9,45
942,533,569,540,540,3,13
943,534,515,2847,2847,6,79
944,534,543,3329,3329,10,167
945,534,933,5496,5496,6,158
946,535,438,5332,5332,18,385
947,535,486,9217,9217,15,42
948,535,487,4443,4443,10,184
949,536,438,6909,6909,16,126
950,536,537,4943,4943,9,160
951,536,615,2261,2261,4,36
952,537,399,4041,4041,10,151
953,537,536,6264,6264,11,166
954,537,608,2516,2516,8,56
955,537,610,9057,9057,16,55
956,538,409,7022,7022,15,127
957,538,474,2092,2092,9,82
958,538,699,5903,5903,16,32
959,538,704,4297,4297,11,113
960,539,409,3132,3132,9,90
961,539,483,6472,6472,11,190
962,539,694,7444,7444,25,44
963,539,704,1612,1612,6,53
964,540,438,1376,1376,12,59
965,540,583,7092,7092,6,36
966,540,622,1960,1960,6,36
967,541,526,2574,2574,6,28
968,541,582,1369,1369,5,61
969,541,902,969,969,3,48
970,542,527,1639,1639,7,46
971,542,902,5876,5876,17,138
972,542,903,3109,3109,10,120
973,543,527,4539,4539,8,173
974,543,534,2813,2813,6,54
975,543,903,1452,1452,4,25
976,544,515,1176,1176,10,28
977,544,903,1830,1830,5,62
978,544,904,2017,2017,7,39
979,545,523,5626,5626,11,11
980,545,524,2631,2631,9,92
981,545,577,3058,3058,9,88
982,545,580,4206,4206,7,56
983,546,526,1143,1143,4,50
984,546,527,197,197,2,11
985,547,1,3488,3488,8,11
986,547,548,2546,2546,7,62
987,547,549,4486,4486,10,139
988,547,621,3131,3131,13,60
989,548,2,4942,4942,8,12
990,548,547,1946,1946,5,35
991,548,550,3710,3710,12,122
992,548,552,2363,2363,13,89
993,548,618,4702,4702,16,97
994,549,3,7778,7778,10,13
995,549,547,3930,3930,10,110
996,549,550,3755,3755,19,93
997,549,551,7747,7747,24,183
998,550,4,7913,7913,9,14
999,550,548,3011,3011,7,84
1000,550,549,3687,3687,8,66
1001,550,551,6051,6051,12,157
1002,550,552,1463,1463,4,74
1003,550,553,3641,3641,9,131
1004,550,560,3258,3258,8,94
1005,551,5,15312,15312,16,23
1006,551,495,3123,3123,17,118
1007,551,549,4960,4960,8,113
1008,551,550,4274,4274,14,117
1009,551,563,19387,19387,34,317
1010,552,6,6850,6850,11,14
1011,552,435,5333,5333,12,76
1012,552,548,1822,1822,5,48
1013,552,550,1413,1413,4,67
1014,552,553,4859,4859,12,123
1015,552,618,3988,3988,8,100
1016,552,619,3261,3261,11,100
1017,553,7,8479,8479,10,15
1018,553,496,5757,5757,24,114
1019,553,550,3395,3395,6,73
1020,553,552,4988,4988,17,129
1021,553,560,5531,5531,14,121
1022,554,8,7369,7369,10,17
1023,554,435,3356,3356,8,84
1024,554,437,5681,5681,12,52
1025,554,614,3007,3007,8,94
1026,554,619,2952,2952,6,84
1027,554,622,2386,2386,12,77
1028,554,625,5555,5555,12,101
1029,555,9,6491,6491,10,15
1030,555,556,3762,3762,19,131
1031,555,622,4642,4642,19,135
1032,555,624,7243,7243,15,142
1033,555,625,5487,5487,16,74
1034,556,10,10491,10491,18,28
1035,556,437,2137,2137,12,102
1036,556,496,5469,5469,14,114
1037,556,555,5395,5395,13,174
1038,556,557,5732,5732,14,188
1039,556,560,5076,5076,11,141
1040,556,624,901,901,3,60
1041,557,11,8217,8217,10,16
1042,557,490,2695,2695,11,70
1043,557,556,5989,5989,15,213
1044,557,558,5113,5113,10,105
1045,557,559,4527,4527,10,126
1046,557,624,1596,1596,4,73
1047,557,630,4154,4154,12,94
1048,558,12,6433,6433,10,16
1049,558,491,4081,4081,15,94
1050,558,557,3838,3838,9,81
1051,558,560,5203,5203,8,141
1052,558,561,5338,5338,17,121
1053,559,13,10352,10352,12,20
1054,559,491,8304,8304,13,76
1055,559,557,3343,3343,13,120
1056,559,562,4726,4726,18,137
1057,559,566,4262,4262,12,111
1058,559,631,1079,1079,9,53
1059,560,14,12598,12598,13,20
1060,560,495,7500,7500,13,102
1061,560,550,3065,3065,6,83
1062,560,553,4024,4024,9,85
1063,560,556,4187,4187,22,116
1064,560,558,5049,5049,11,120
1065,560,561,7538,7538,15,171
1066,561,15,9631,9631,11,20
1067,561,492,7541,7541,28,143
1068,561,494,8672,8672,26,105
1069,561,558,2941,2941,13,69
1070,561,560,4191,4191,12,113
1071,562,16,22338,22338,25,46
1072,562,492,7148,7148,25,85
1073,562,493,7736,7736,50,104
1074,562,559,724,724,10,40
1075,562,563,704,704,1,26
1076,562,567,6324,6324,19,130
1077,563,17,22195,22195,19,30
1078,563,494,6067,6067,26,134
1079,563,551,12451,12451,15,198
1080,563,562,0,0,0,0
1081,563,564,18324,18324,48,261
1082,564,18,17774,17774,20,31
1083,564,493,14278,14278,125,214
1084,564,563,19731,19731,40,249
1085,564,565,11243,11243,22,165
1086,565,19,5043,5043,7,12
1087,565,564,18539,18539,36,256
1088,565,568,7210,7210,23,110
1089,565,569,2540,2540,11,84
1090,566,20,7073,7073,10,15
1091,566,500,5088,5088,17,88
1092,566,559,5233,5233,18,168
1093,566,567,2357,2357,9,69
1094,566,631,1103,1103,4,44
1095,567,21,4935,4935,9,14
1096,567,499,5985,5985,25,95
1097,567,562,11233,11233,81,265
1098,567,566,1121,1121,6,41
1099,568,22,4790,4790,9,11
1100,568,533,3157,3157,12,70
1101,568,565,14532,14532,21,196
1102,568,574,4761,4761,16,89
1103,569,23,15334,15334,21,33
1104,569,499,9346,9346,48,189
1105,569,532,3097,3097,9,59
1106,569,533,892,892,3,22
1107,569,565,4938,4938,10,168
1108,569,570,1687,1687,6,49
1109,569,572,2516,2516,6,93
1110,569,573,1589,1589,6,49
1111,570,24,6856,6856,9,14
1112,570,500,6443,6443,20,108
1113,570,569,2960,2960,15,88
1114,570,571,850,850,7,49
1115,570,572,2518,2518,10,68
1116,571,25,6637,6637,10,15
1117,571,501,4899,4899,14,116
1118,571,570,1639,1639,6,71
1119,571,572,2867,2867,7,104
1120,571,631,2174,2174,8,84
1121,571,632,2064,2064,6,121
1122,571,634,745,745,12,39
1123,571,637,2939,2939,9,75
1124,572,26,12493,12493,14,21
1125,572,569,3934,3934,42,179
1126,572,570,4960,4960,22,180
1127,572,571,4493,4493,29,199
1128,572,573,3895,3895,12,107
1129,572,576,3420,3420,15,78
1130,572,637,2344,2344,10,82
1131,573,27,6270,6270,8,13
1132,573,528,2099,2099,7,62
1133,573,531,2646,2646,10,93
1134,573,569,5753,5753,53,203
1135,573,572,4941,4941,13,151
1136,573,577,1502,1502,11,54
1137,574,28,10343,10343,13,21
1138,574,531,1311,1311,7,37
1139,574,532,3771,3771,10,81
1140,574,568,13233,13233,30,241
1141,574,575,3649,3649,11,102
1142,575,29,13124,13124,15,23
1143,575,528,4131,4131,7,61
1144,575,530,3565,3565,11,69
1145,575,574,13760,13760,27,427
1146,575,580,1002,1002,3,34
1147,575,581,3639,3639,7,83
1148,576,30,4449,4449,7,11
1149,576,572,6932,6932,20,184
1150,576,577,1493,1493,4,53
1151,576,578,1401,1401,4,55
1152,576,637,2388,2388,10,94
1153,576,643,2369,2369,7,47
1154,577,31,4454,4454,8,12
1155,577,530,4414,4414,9,99
1156,577,545,2235,2235,40,69
1157,577,573,5902,5902,12,167
1158,577,576,2019,2019,5,74
1159,577,578,2751,2751,8,70
1160,578,32,5005,5005,8,11
1161,578,507,359,359,3,22
1162,578,524,1492,1492,10,53
1163,578,576,2394,2394,4,79
1164,578,577,4802,4802,16,121
1165,578,579,1009,1009,4,41
1166,578,580,1267,1267,5,47
1167,578,643,6037,6037,21,146
1168,578,645,1189,1189,4,40
1169,579,33,3335,3335,6,9
1170,579,578,1574,1574,6,68
1171,579,580,3294,3294,24,116
1172,579,582,1620,1620,4,46
1173,579,647,2792,2792,30,82
1174,579,656,1567,1567,6,56
1175,580,34,4904,4904,8,14
1176,580,545,4226,4226,198,198
1177,580,575,3690,3690,7,127
1178,580,578,1434,1434,5,59
1179,580,579,1780,1780,6,51
1180,580,581,113,113,1,6
1181,580,582,2159,2159,6,79
1182,581,35,4002,4002,7,10
1183,581,575,6447,6447,52,254
1184,581,580,0,0,0,0
1185,581,582,1659,1659,11,65
1186,582,36,6027,6027,8,12
1187,582,541,704,704,5,29
1188,582,579,1451,1451,4,61
1189,582,580,2090,2090,17,93
1190,582,581,3235,3235,13,177
1191,582,660,2477,2477,6,82
1192,583,37,7092,7092,6,11
1193,583,540,1119,1119,7,36
1194,584,38,2389,2389,6,9
1195,584,394,508,508,8,32
1196,584,395,1496,1496,9,82
1197,584,586,1776,1776,9,103
1198,584,588,2125,2125,7,116
1199,584,605,474,474,2,27
1200,584,710,788,788,8,51
1201,584,712,425,425,3,25
1202,584,768,208,208,3,18
1203,584,808,42,42,1,9
1204,585,39,4500,4500,9,13
1205,585,401,6859,6859,36,144
1206,585,586,1430,1430,6,51
1207,585,587,3999,3999,160,236
1208,585,771,1371,1371,10,51
1209,586,40,998,998,4,7
1210,586,584,1037,1037,13,63
1211,586,585,2540,2540,8,72
1212,586,588,2355,2355,14,87
1213,586,772,1863,1863,7,66
1214,587,41,11176,11176,21,38
1215,587,400,1210,1210,3,10
1216,587,585,1943,1943,9,84
1217,587,588,440,440,6,24
1218,587,592,3453,3453,11,174
1219,587,604,3669,3669,14,136
1220,588,42,1306,1306,4,6
1221,588,397,3341,3341,8,93
1222,588,584,936,936,9,49
1223,588,586,833,833,10,35
1224,588,587,2494,2494,120,169
1225,589,43,6436,6436,10,16
1226,589,590,2858,2858,11,97
1227,589,591,4833,4833,19,196
1228,589,594,1930,1930,6,55
1229,589,775,1000,1000,8,55
1230,590,44,6902,6902,9,17
1231,590,401,5476,5476,33,105
1232,590,589,4159,4159,23,114
1233,590,592,6230,6230,31,180
1234,590,776,1443,1443,13,57
1235,591,45,5301,5301,11,14
1236,591,441,5655,5655,12,128
1237,591,589,3630,3630,16,82
1238,591,592,2665,2665,8,74
1239,591,608,2785,2785,7,100
1240,591,613,5265,5265,24,183
1241,592,46,6605,6605,11,15
1242,592,587,2482,2482,6,78
1243,592,590,1999,1999,17,55
1244,592,591,4928,4928,19,162
1245,592,608,4380,4380,9,118
1246,592,609,2147,2147,7,88
1247,593,47,5020,5020,9,13
1248,593,429,526,526,5,12
1249,593,431,1704,1704,8,43
1250,593,594,2047,2047,21,66
1251,593,595,2156,2156,20,81
1252,594,48,6817,6817,10,15
1253,594,427,2191,2191,26,50
1254,594,589,1744,1744,6,59
1255,594,593,2890,2890,16,96
1256,594,596,2834,2834,12,102
1257,595,49,3693,3693,7,10
1258,595,432,1588,1588,7,42
1259,595,593,1573,1573,5,44
1260,595,596,2479,2479,19,98
1261,595,612,587,587,3,26
1262,595,617,2190,2190,4,69
1263,596,50,5301,5301,9,15
1264,596,441,5825,5825,15,78
1265,596,594,2613,2613,6,70
1266,596,595,3369,3369,18,97
1267,596,612,3171,3171,7,88
1268,596,613,506,506,4,25
1269,597,51,902,902,5,6
1270,597,431,699,699,9,39
1271,597,599,1135,1135,20,59
1272,597,778,0,0,0,0
1273,598,52,2543,2543,5,9
1274,598,599,1549,1549,16,62
1275,598,616,910,910,5,44
1276,598,620,1775,1775,6,48
1277,599,53,3649,3649,8,11
1278,599,432,3227,3227,10,71
1279,599,597,403,403,3,16
1280,599,598,2393,2393,6,77
1281,599,616,1249,1249,5,48
1282,599,617,1498,1498,6,57
1283,600,54,643,643,4,5
1284,600,395,2427,2427,9,61
1285,600,601,809,809,3,21
1286,600,602,2959,2959,16,98
1287,600,605,2413,2413,21,64
1288,601,55,1186,1186,4,6
1289,601,394,575,575,10,23
1290,601,600,1225,1225,6,49
1291,601,603,1046,1046,6,52
1292,601,716,975,975,6,37
1293,602,56,2187,2187,5,7
1294,602,600,3660,3660,19,95
1295,602,603,1507,1507,15,45
1296,602,607,2075,2075,16,60
1297,602,671,2518,2518,15,97
1298,603,57,1406,1406,5,6
1299,603,601,694,694,22,52
1300,603,602,1683,1683,7,49
1301,603,672,1737,1737,15,77
1302,603,718,848,848,5,27
1303,604,58,9918,9918,13,20
1304,604,397,2040,2040,10,64
1305,604,399,7225,7225,20,200
1306,604,587,3729,3729,237,296
1307,604,605,1756,1756,6,60
1308,604,606,2691,2691,26,72
1309,605,59,3678,3678,7,11
1310,605,584,275,275,4,18
1311,605,600,1249,1249,9,54
1312,605,604,4735,4735,14,199
1313,605,607,462,462,2,17
1314,606,60,3475,3475,7,13
1315,606,403,2477,2477,7,73
1316,606,604,4577,4577,22,127
1317,606,607,1881,1881,14,56
1318,606,675,2796,2796,10,137
1319,607,61,3282,3282,7,12
1320,607,602,1520,1520,6,72
1321,607,605,567,567,2,19
1322,607,606,4102,4102,61,200
1323,607,676,577,577,2,26
1324,608,62,3540,3540,7,10
1325,608,537,5626,5626,12,105
1326,608,591,2447,2447,6,80
1327,608,592,2146,2146,7,57
1328,608,609,2578,2578,15,82
1329,608,613,3103,3103,27,92
1330,609,63,5945,5945,9,13
1331,609,399,4536,4536,18,94
1332,609,400,0,0,0,0
1333,609,592,1502,1502,5,44
1334,609,608,3231,3231,16,105
1335,609,611,2803,2803,11,76
1336,610,64,16082,16082,17,25
1337,610,537,5332,5332,15,65
1338,610,611,2346,2346,28,84
1339,610,615,6337,6337,16,187
1340,610,679,5543,5543,22,160
1341,611,65,3291,3291,8,13
1342,611,403,942,942,6,37
1343,611,609,1663,1663,6,43
1344,611,610,5469,5469,14,143
1345,611,680,3012,3012,14,111
1346,612,66,4401,4401,8,12
1347,612,440,2386,2386,9,71
1348,612,595,602,602,3,24
1349,612,596,2691,2691,9,70
1350,612,614,3958,3958,14,97
1351,612,617,4642,4642,9,134
1352,613,67,4888,4888,8,14
1353,613,440,2412,2412,7,56
1354,613,591,2519,2519,9,66
1355,613,596,241,241,2,14
1356,613,608,1082,1082,8,40
1357,613,615,6903,6903,34,188
1358,614,68,6211,6211,9,14
1359,614,439,4521,4521,15,125
1360,614,554,3167,3167,17,114
1361,614,612,2311,2311,8,58
1362,614,619,3068,3068,8,115
1363,614,622,2680,2680,11,96
1364,615,69,9779,9779,15,25
1365,615,439,6013,6013,13,106
1366,615,536,1862,1862,6,54
1367,615,610,6581,6581,16,168
1368,615,613,2779,2779,9,79
1369,615,622,4762,4762,29,153
1370,616,70,3911,3911,6,9
1371,616,433,4372,4372,19,133
1372,616,598,918,918,3,26
1373,616,599,602,602,3,19
1374,616,618,4890,4890,12,100
1375,616,620,1748,1748,6,40
1376,617,71,4998,4998,9,13
1377,617,433,2197,2197,12,35
1378,617,595,1317,1317,7,39
1379,617,599,853,853,3,29
1380,617,612,3989,3989,27,137
1381,617,619,5214,5214,18,124
1382,618,72,9299,9299,11,18
1383,618,434,2965,2965,16,100
1384,618,548,3586,3586,13,80
1385,618,552,3377,3377,21,117
1386,618,616,4316,4316,11,88
1387,618,621,579,579,3,20
1388,619,73,12022,12022,19,28
1389,619,434,5451,5451,23,67
1390,619,552,3288,3288,11,99
1391,619,554,2425,2425,10,80
1392,619,614,2952,2952,11,141
1393,619,617,3439,3439,13,85
1394,620,74,3643,3643,8,12
1395,620,598,1445,1445,6,50
1396,620,616,1534,1534,10,66
1397,620,621,2466,2466,6,58
1398,621,75,1730,1730,4,6
1399,621,547,2806,2806,12,56
1400,621,618,1374,1374,6,50
1401,621,620,2937,2937,8,54
1402,622,76,8918,8918,13,18
1403,622,540,4140,4140,8,75
1404,622,554,1811,1811,15,79
1405,622,555,3434,3434,8,117
1406,622,614,956,956,6,36
1407,622,615,4021,4021,19,120
1408,622,623,4085,4085,17,136
1409,622,625,789,789,4,31
1410,623,77,10876,10876,17,24
1411,623,622,4260,4260,20,130
1412,623,624,2591,2591,17,87
1413,623,627,3299,3299,18,146
1414,623,681,4183,4183,16,110
1415,624,78,9382,9382,12,18
1416,624,555,6828,6828,10,128
1417,624,556,892,892,4,45
1418,624,557,1393,1393,6,82
1419,624,623,2976,2976,11,102
1420,624,626,4925,4925,24,174
1421,625,79,4020,4020,7,12
1422,625,554,4825,4825,26,123
1423,625,555,5292,5292,15,80
1424,625,622,1512,1512,10,52
1425,626,80,10307,10307,13,20
1426,626,485,6077,6077,17,106
1427,626,624,7248,7248,16,186
1428,626,627,4883,4883,22,173
1429,626,630,4555,4555,19,118
1430,627,81,10386,10386,13,19
1431,627,484,4493,4493,16,102
1432,627,486,5466,5466,37,143
1433,627,623,5132,5132,14,130
1434,627,626,5007,5007,22,151
1435,628,82,6576,6576,10,15
1436,628,485,5861,5861,23,118
1437,628,629,2207,2207,20,73
1438,628,631,2106,2106,9,75
1439,628,632,2388,2388,19,95
1440,629,83,4125,4125,8,12
1441,629,479,3538,3538,9,81
1442,629,484,2605,2605,11,76
1443,629,628,2695,2695,12,85
1444,629,633,948,948,11,50
1445,630,84,5551,5551,9,13
1446,630,489,2227,2227,6,69
1447,630,557,4225,4225,15,103
1448,630,626,5187,5187,19,132
1449,631,85,10912,10912,13,22
1450,631,489,2784,2784,18,95
1451,631,490,4282,4282,9,104
1452,631,559,4012,4012,12,142
1453,631,566,1703,1703,4,67
1454,631,571,2056,2056,4,74
1455,631,628,2101,2101,10,79
1456,631,636,2496,2496,11,78
1457,632,86,5499,5499,9,15
1458,632,502,1906,1906,7,45
1459,632,571,1931,1931,6,87
1460,632,628,4234,4234,9,137
1461,632,633,3343,3343,17,119
1462,632,636,2617,2617,6,72
1463,633,87,5799,5799,8,13
1464,633,478,3745,3745,15,85
1465,633,503,1239,1239,12,61
1466,633,629,3594,3594,18,115
1467,633,632,4913,4913,35,147
1468,634,88,4464,4464,8,12
1469,634,502,2203,2203,8,65
1470,634,505,2450,2450,11,48
1471,634,571,1961,1961,7,93
1472,634,635,3278,3278,9,126
1473,634,637,2263,2263,6,82
1474,635,89,2117,2117,6,8
1475,635,504,6979,6979,15,59
1476,635,634,2998,2998,12,75
1477,635,640,440,440,2,25
1478,635,705,2544,2544,10,79
1479,636,90,2163,2163,8,10
1480,636,501,3316,3316,13,45
1481,636,631,5616,5616,14,142
1482,636,632,2359,2359,8,65
1483,637,91,8228,8228,11,16
1484,637,571,4107,4107,23,111
1485,637,572,2850,2850,8,89
1486,637,576,2224,2224,7,72
1487,637,634,2428,2428,27,156
1488,637,644,2690,2690,14,81
1489,638,92,1202,1202,4,6
1490,638,640,1054,1054,6,58
1491,638,642,893,893,6,48
1492,638,707,2474,2474,5,95
1493,638,815,542,542,4,39
1494,638,825,717,717,5,44
1495,638,826,316,316,3,24
1496,639,93,4465,4465,7,12
1497,639,505,4453,4453,16,139
1498,639,506,2525,2525,9,42
1499,639,640,523,523,10,24
1500,639,641,971,971,6,38
1501,640,94,334,334,3,4
1502,640,635,1297,1297,4,53
1503,640,638,369,369,3,31
1504,640,639,1217,1217,6,35
1505,640,642,458,458,4,24
1506,641,95,2478,2478,6,8
1507,641,639,3334,3334,30,123
1508,641,642,1338,1338,20,55
1509,641,646,1857,1857,12,68
1510,641,648,485,485,2,19
1511,642,96,449,449,3,4
1512,642,638,999,999,12,63
1513,642,640,1212,1212,16,67
1514,642,641,1788,1788,11,50
1515,642,649,722,722,4,26
1516,643,97,7166,7166,10,15
1517,643,576,3581,3581,7,86
1518,643,578,3553,3553,17,87
1519,643,644,4275,4275,24,183
1520,644,98,6926,6926,12,16
1521,644,506,4876,4876,12,128
1522,644,637,5525,5525,19,138
1523,644,643,3882,3882,15,112
1524,644,646,2634,2634,24,84
1525,645,99,4568,4568,8,13
1526,645,578,1860,1860,11,75
1527,645,646,3746,3746,75,220
1528,645,647,2868,2868,27,80
1529,645,652,1240,1240,14,44
1530,646,100,4076,4076,9,16
1531,646,507,2116,2116,7,45
1532,646,641,3242,3242,12,128
1533,646,644,4012,4012,13,127
1534,646,645,2195,2195,7,68
1535,646,653,1955,1955,8,53
1536,647,101,2774,2774,7,9
1537,647,524,3856,3856,21,93
1538,647,579,2777,2777,7,59
1539,647,645,3042,3042,28,120
1540,647,657,3112,3112,6,68
1541,648,102,2651,2651,8,10
1542,648,641,762,762,3,39
1543,648,649,1691,1691,11,103
1544,648,650,987,987,13,46
1545,648,653,3114,3114,11,102
1546,649,103,1670,1670,4,6
1547,649,642,1918,1918,5,87
1548,649,648,1489,1489,12,46
1549,649,651,721,721,10,31
1550,649,825,754,754,12,44
1551,650,104,2140,2140,7,8
1552,650,453,611,611,4,27
1553,650,648,1606,1606,54,101
1554,650,651,457,457,7,24
1555,650,655,1359,1359,6,65
1556,651,105,855,855,4,5
1557,651,649,1360,1360,8,63
1558,651,650,597,597,5,27
1559,651,827,470,470,3,24
1560,651,842,430,430,4,19
1561,652,106,3323,3323,7,10
1562,652,452,2302,2302,15,52
1563,652,525,1933,1933,16,51
1564,652,645,3359,3359,30,113
1565,652,653,2198,2198,8,62
1566,653,107,2575,2575,5,7
1567,653,646,3775,3775,53,159
1568,653,648,1988,1988,18,59
1569,653,652,3189,3189,8,84
1570,653,655,953,953,5,30
1571,654,108,3270,3270,7,9
1572,654,451,1056,1056,9,46
1573,654,452,4506,4506,32,117
1574,654,659,2249,2249,10,68
1575,654,662,1775,1775,6,52
1576,655,109,2851,2851,7,8
1577,655,451,2427,2427,9,70
1578,655,650,901,901,5,33
1579,655,653,1610,1610,5,75
1580,655,663,779,779,11,29
1581,656,110,4190,4190,7,10
1582,656,579,2464,2464,10,151
1583,656,657,2492,2492,15,112
1584,656,658,2103,2103,10,75
1585,656,660,2824,2824,6,56
1586,657,111,5128,5128,8,12
1587,657,525,2336,2336,11,63
1588,657,647,3895,3895,24,145
1589,657,656,2348,2348,7,74
1590,657,659,1697,1697,7,56
1591,658,112,3554,3554,7,11
1592,658,510,4183,4183,15,36
1593,658,656,1857,1857,9,47
1594,658,659,710,710,6,27
1595,658,661,2976,2976,8,59
1596,659,113,5103,5103,8,13
1597,659,509,3648,3648,17,62
1598,659,654,1790,1790,8,61
1599,659,657,1866,1866,44,100
1600,659,658,172,172,3,12
1601,660,114,1514,1514,5,7
1602,660,582,3119,3119,10,109
1603,660,656,2653,2653,12,67
1604,660,661,1121,1121,9,39
1605,660,902,4222,4222,7,114
1606,661,115,4256,4256,9,14
1607,661,512,2159,2159,8,24
1608,661,658,3003,3003,13,103
1609,661,660,1034,1034,4,33
1610,661,902,2545,2545,6,97
1611,662,116,2148,2148,4,8
1612,662,449,708,708,6,40
1613,662,654,2928,2928,9,120
1614,662,664,1412,1412,5,35
1615,662,667,858,858,5,30
1616,663,117,520,520,3,4
1617,663,449,1522,1522,4,50
1618,663,655,1450,1450,7,45
1619,663,665,161,161,2,7
1620,663,841,657,657,12,28
1621,664,118,3747,3747,6,9
1622,664,448,1961,1961,7,61
1623,664,662,2227,2227,8,78
1624,664,669,3395,3395,12,80
1625,664,849,546,546,3,22
1626,665,119,1065,1065,5,6
1627,665,448,1596,1596,8,51
1628,665,663,273,273,4,13
1629,665,843,692,692,4,31
1630,665,849,98,98,2,7
1631,666,120,1507,1507,4,6
1632,666,510,1120,1120,16,47
1633,666,521,1576,1576,3,18
1634,666,667,1344,1344,7,45
1635,666,668,53,53,3,6
1636,667,121,3092,3092,7,11
1637,667,509,1964,1964,14,126
1638,667,662,923,923,6,41
1639,667,666,1565,1565,16,64
1640,667,669,1561,1561,12,45
1641,668,122,1841,1841,5,8
1642,668,519,3174,3174,4,24
1643,668,666,521,521,13,28
1644,668,669,2448,2448,7,78
1645,668,850,533,533,7,28
1646,669,123,4562,4562,7,11
1647,669,664,3440,3440,15,98
1648,669,667,2007,2007,25,100
1649,669,668,2331,2331,23,83
1650,669,851,471,471,4,16
1651,670,124,1010,1010,5,5
1652,670,512,279,279,2,13
1653,670,519,1070,1070,6,28
1654,670,521,946,946,4,66
1655,670,854,18,18,1,3
1656,670,902,649,649,1,35
1657,670,905,661,661,2,36
1658,671,125,967,967,4,6
1659,671,602,1526,1526,6,60
1660,671,672,476,476,9,19
1661,671,673,3044,3044,16,99
1662,671,676,2632,2632,8,80
1663,672,126,179,179,2,3
1664,672,603,1152,1152,5,48
1665,672,671,1229,1229,9,69
1666,672,674,1565,1565,6,57
1667,672,722,760,760,9,30
1668,673,127,1169,1169,4,6
1669,673,671,1839,1839,11,68
1670,673,674,1818,1818,9,46
1671,673,678,3676,3676,11,98
1672,673,683,1880,1880,11,76
1673,674,128,1606,1606,5,6
1674,674,672,1054,1054,12,56
1675,674,673,2154,2154,11,80
1676,674,684,298,298,2,13
1677,674,724,1232,1232,7,39
1678,675,129,3802,3802,7,13
1679,675,404,6368,6368,31,179
1680,675,606,1678,1678,11,65
1681,675,676,1755,1755,10,50
1682,675,677,1946,1946,23,58
1683,676,130,1850,1850,5,7
1684,676,607,402,402,1,17
1685,676,671,865,865,6,40
1686,676,675,4213,4213,24,139
1687,676,678,1763,1763,6,53
1688,677,131,3582,3582,9,13
1689,677,406,4422,4422,8,106
1690,677,675,2732,2732,17,80
1691,677,678,1718,1718,9,50
1692,677,687,1482,1482,12,57
1693,678,132,3961,3961,8,13
1694,678,673,1491,1491,10,44
1695,678,676,1155,1155,12,45
1696,678,677,3338,3338,36,151
1697,678,688,3959,3959,21,99
1698,679,133,8643,8643,13,20
1699,679,610,5431,5431,16,164
1700,679,680,1272,1272,6,52
1701,679,681,4059,4059,12,130
1702,680,134,5063,5063,9,13
1703,680,404,2502,2502,18,72
1704,680,488,2383,2383,6,70
1705,680,611,3633,3633,10,105
1706,680,679,3965,3965,14,81
1707,681,135,7145,7145,10,15
1708,681,487,2996,2996,6,64
1709,681,623,5026,5026,18,122
1710,681,679,4709,4709,12,115
1711,681,691,5223,5223,26,137
1712,682,136,8288,8288,17,20
1713,682,406,1944,1944,6,56
1714,682,487,3689,3689,7,113
1715,682,488,2063,2063,6,79
1716,682,692,2288,2288,12,77
1717,683,137,1846,1846,5,7
1718,683,673,1590,1590,10,78
1719,683,684,1014,1014,5,36
1720,683,685,3426,3426,8,98
1721,683,688,3280,3280,9,99
1722,684,138,1303,1303,4,7
1723,684,674,523,523,6,51
1724,684,683,1792,1792,8,94
1725,684,728,909,909,6,29
1726,685,139,1221,1221,4,7
1727,685,411,2925,2925,14,82
1728,685,683,3313,3313,12,118
1729,685,686,1172,1172,5,31
1730,685,690,2178,2178,11,75
1731,686,140,1385,1385,4,6
1732,686,685,1197,1197,5,87
1733,686,730,698,698,3,27
1734,687,141,4214,4214,9,14
1735,687,407,8365,8365,30,148
1736,687,677,1124,1124,9,37
1737,687,688,3352,3352,12,85
1738,687,689,1029,1029,7,37
1739,688,142,6289,6289,11,16
1740,688,678,2791,2791,13,72
1741,688,683,1849,1849,15,49
1742,688,687,5354,5354,22,180
1743,688,690,979,979,8,45
1744,689,143,3488,3488,7,11
1745,689,408,2725,2725,10,74
1746,689,687,1861,1861,12,79
1747,689,690,1185,1185,6,52
1748,689,699,1381,1381,6,66
1749,690,144,1753,1753,5,7
1750,690,410,2129,2129,8,62
1751,690,685,900,900,12,33
1752,690,688,1598,1598,7,51
1753,690,689,2623,2623,23,108
1754,691,145,6280,6280,10,15
1755,691,481,6395,6395,29,141
1756,691,486,4849,4849,29,101
1757,691,681,7130,7130,23,151
1758,691,692,4294,4294,14,117
1759,692,146,5222,5222,8,12
1760,692,407,3004,3004,11,59
1761,692,682,3026,3026,25,93
1762,692,691,7601,7601,33,193
1763,692,694,3237,3237,10,88
1764,693,147,14093,14093,17,23
1765,693,479,2525,2525,7,61
1766,693,483,5951,5951,21,65
1767,693,694,2428,2428,14,67
1768,693,703,1124,1124,4,35
1769,694,148,12157,12157,14,23
1770,694,408,1697,1697,5,47
1771,694,539,3235,3235,10,52
1772,694,692,1751,1751,6,53
1773,694,693,4125,4125,14,145
1774,695,149,5219,5219,12,13
1775,695,411,4849,4849,35,115
1776,695,696,702,702,3,25
1777,695,697,1892,1892,12,72
1778,695,700,1712,1712,15,73
1779,696,150,1266,1266,4,7
1780,696,695,2254,2254,21,97
1781,696,698,476,476,4,16
1782,696,734,786,786,5,25
1783,697,151,1734,1734,5,7
1784,697,695,2950,2950,19,113
1785,697,698,2225,2225,6,60
1786,697,702,2383,2383,15,74
1787,697,809,1040,1040,6,47
1788,698,152,2658,2658,6,8
1789,698,696,1281,1281,10,63
1790,698,697,2400,2400,13,104
1791,698,736,1570,1570,6,40
1792,698,810,130,130,3,9
1793,699,153,5470,5470,10,13
1794,699,538,7862,7862,31,72
1795,699,689,1511,1511,5,68
1796,699,700,2942,2942,17,76
1797,699,701,1667,1667,6,47
1798,700,154,7317,7317,12,20
1799,700,410,3372,3372,7,41
1800,700,695,866,866,5,29
1801,700,699,2986,2986,13,122
1802,700,702,571,571,8,31
1803,701,155,2330,2330,6,9
1804,701,474,2214,2214,9,71
1805,701,699,4772,4772,26,138
1806,701,702,1949,1949,5,51
1807,701,813,537,537,8,26
1808,702,156,2354,2354,8,9
1809,702,697,2260,2260,10,71
1810,702,700,2345,2345,20,95
1811,702,701,3033,3033,11,117
1812,702,814,548,548,6,27
1813,703,157,6132,6132,9,15
1814,703,478,5244,5244,18,133
1815,703,693,2593,2593,8,109
1816,703,704,3162,3162,13,91
1817,703,705,1591,1591,7,44
1818,704,158,4980,4980,9,12
1819,704,538,2988,2988,26,92
1820,704,539,4540,4540,17,150
1821,704,703,4794,4794,32,146
1822,704,706,764,764,15,38
1823,705,159,5027,5027,11,13
1824,705,476,669,669,6,24
1825,705,635,3603,3603,13,108
1826,705,703,2686,2686,31,102
1827,705,706,1727,1727,18,66
1828,706,160,2992,2992,6,9
1829,706,474,3377,3377,8,88
1830,706,475,808,808,6,36
1831,706,704,2771,2771,15,84
1832,706,705,2987,2987,11,93
1833,707,161,2139,2139,5,8
1834,707,473,410,410,2,25
1835,707,475,1277,1277,6,30
1836,707,476,1883,1883,7,77
1837,707,638,749,749,8,44
1838,708,162,458,458,3,5
1839,708,388,102,102,4,6
1840,708,709,446,446,14,49
1841,708,714,91,91,7,16
1842,708,913,173,173,3,22
1843,709,163,254,254,3,4
1844,709,391,1455,1455,8,31
1845,709,708,280,280,3,23
1846,709,711,231,231,2,16
1847,709,713,319,319,5,20
1848,709,803,359,359,4,25
1849,710,164,1434,1434,5,6
1850,710,584,1366,1366,10,93
1851,710,712,2423,2423,13,94
1852,710,806,1512,1512,16,54
1853,711,165,240,240,2,2
1854,711,709,278,278,3,28
1855,711,713,1256,1256,17,64
1856,711,807,924,924,6,30
1857,712,166,3483,3483,7,10
1858,712,393,2617,2617,13,112
1859,712,584,1161,1161,7,76
1860,712,710,807,807,5,36
1861,712,713,465,465,7,23
1862,713,167,1187,1187,4,6
1863,713,392,1192,1192,9,22
1864,713,709,34,34,2,4
1865,713,711,647,647,4,25
1866,713,712,938,938,3,41
1867,713,716,352,352,2,21
1868,714,168,154,154,2,3
1869,714,708,50,50,2,5
1870,714,715,303,303,15,29
1871,714,720,53,53,5,10
1872,714,913,145,145,2,15
1873,715,169,215,215,3,3
1874,715,391,252,252,6,18
1875,715,714,131,131,2,13
1876,715,717,574,574,12,31
1877,715,719,154,154,7,15
1878,715,721,663,663,5,46
1879,716,170,5171,5171,15,17
1880,716,393,3689,3689,12,101
1881,716,601,1145,1145,16,59
1882,716,713,0,0,0,0
1883,716,717,517,517,7,22
1884,716,718,2080,2080,11,65
1885,717,171,748,748,3,4
1886,717,392,663,663,8,41
1887,717,715,206,206,5,17
1888,717,716,985,985,6,43
1889,717,719,798,798,12,33
1890,718,172,2887,2887,7,10
1891,718,603,1040,1040,7,56
1892,718,716,1964,1964,17,82
1893,718,719,553,553,5,22
1894,718,722,1815,1815,36,86
1895,719,173,405,405,3,5
1896,719,715,44,44,2,5
1897,719,717,650,650,6,32
1898,719,718,796,796,6,35
1899,719,723,884,884,4,33
1900,720,174,196,196,2,2
1901,720,714,29,29,2,5
1902,720,721,546,546,12,37
1903,720,726,106,106,6,18
1904,720,913,261,261,2,17
1905,721,175,502,502,3,4
1906,721,715,461,461,5,34
1907,721,720,221,221,3,14
1908,721,723,346,346,2,24
1909,721,725,1022,1022,5,38
1910,721,727,571,571,9,42
1911,722,176,462,462,3,4
1912,722,672,1139,1139,4,58
1913,722,718,1537,1537,6,53
1914,722,723,204,204,4,16
1915,722,724,1219,1219,6,47
1916,723,177,203,203,2,4
1917,723,719,694,694,10,31
1918,723,721,151,151,2,11
1919,723,722,217,217,10,22
1920,723,725,1031,1031,5,38
1921,724,178,3351,3351,7,13
1922,724,674,1600,1600,12,82
1923,724,722,993,993,26,56
1924,724,725,687,687,5,29
1925,724,728,2691,2691,12,76
1926,725,179,1862,1862,6,7
1927,725,721,214,214,4,15
1928,725,723,468,468,4,30
1929,725,724,1820,1820,25,77
1930,725,729,755,755,13,45
1931,726,180,192,192,2,3
1932,726,416,216,216,8,17
1933,726,720,64,64,6,12
1934,726,727,355,355,6,25
1935,726,913,199,199,2,10
1936,727,181,540,540,3,4
1937,727,415,351,351,6,21
1938,727,721,335,335,6,28
1939,727,726,118,118,2,11
1940,727,729,480,480,2,25
1941,727,731,533,533,4,29
1942,728,182,2455,2455,5,8
1943,728,684,1780,1780,14,71
1944,728,724,2553,2553,17,78
1945,728,729,481,481,5,16
1946,728,730,1941,1941,28,79
1947,729,183,929,929,4,5
1948,729,725,667,667,8,22
1949,729,727,175,175,2,15
1950,729,728,1100,1100,12,61
1951,729,731,982,982,9,43
1952,730,184,1261,1261,4,6
1953,730,413,2168,2168,13,69
1954,730,686,1034,1034,8,53
1955,730,728,2280,2280,6,65
1956,730,731,123,123,3,6
1957,731,185,809,809,4,5
1958,731,414,1612,1612,10,55
1959,731,727,212,212,3,14
1960,731,729,966,966,7,36
1961,731,730,261,261,9,16
1962,732,186,343,343,2,3
1963,732,416,48,48,4,9
1964,732,417,202,202,2,11
1965,732,733,219,219,17,24
1966,732,864,167,167,5,11
1967,733,187,656,656,4,5
1968,733,415,625,625,6,26
1969,733,732,106,106,1,10
1970,733,735,777,777,4,43
1971,733,737,1207,1207,9,44
1972,733,865,510,510,6,29
1973,734,188,3319,3319,7,9
1974,734,413,3280,3280,31,61
1975,734,696,1365,1365,3,55
1976,734,735,1098,1098,7,27
1977,734,736,1706,1706,9,56
1978,735,189,3425,3425,6,8
1979,735,414,3028,3028,13,40
1980,735,733,340,340,2,20
1981,735,734,1643,1643,10,49
1982,735,737,2030,2030,16,66
1983,736,190,3605,3605,7,10
1984,736,698,2733,2733,12,106
1985,736,734,2563,2563,24,115
1986,736,737,1262,1262,4,32
1987,736,866,974,974,8,48
1988,737,191,4847,4847,10,15
1989,737,733,603,603,6,24
1990,737,735,2040,2040,10,124
1991,737,736,1190,1190,12,51
1992,737,866,1450,1450,18,69
1993,738,192,550,550,2,3
1994,738,740,733,733,3,43
1995,738,742,403,403,5,21
1996,738,746,594,594,3,46
1997,738,784,800,800,3,30
1998,738,920,93,93,2,7
1999,739,193,70,70,1,2
2000,739,419,829,829,5,58
2001,739,740,687,687,6,33
2002,739,741,436,436,6,28
2003,739,921,277,277,3,18
2004,740,194,1195,1195,4,6
2005,740,738,428,428,4,29
2006,740,739,1325,1325,7,66
2007,740,742,431,431,3,23
2008,740,920,178,178,2,10
2009,741,195,398,398,3,4
2010,741,739,144,144,2,7
2011,741,742,411,411,2,24
2012,741,743,364,364,2,23
2013,741,747,1009,1009,8,67
2014,742,196,590,590,4,4
2015,742,738,181,181,4,15
2016,742,740,233,233,2,7
2017,742,741,370,370,2,25
2018,742,748,1167,1167,7,59
2019,743,197,508,508,3,4
2020,743,419,328,328,4,27
2021,743,741,295,295,4,23
2022,743,744,336,336,3,24
2023,743,745,237,237,2,15
2024,743,751,1385,1385,5,69
2025,743,752,684,684,4,58
2026,743,921,100,100,4,13
2027,743,922,550,550,2,30
2028,744,198,1566,1566,5,5
2029,744,743,642,642,11,73
2030,744,745,2477,2477,10,67
2031,744,922,1592,1592,8,48
2032,745,199,1806,1806,4,6
2033,745,743,319,319,6,36
2034,745,744,1371,1371,5,32
2035,745,755,3704,3704,17,180
2036,746,200,1617,1617,4,7
2037,746,738,117,117,3,10
2038,746,748,815,815,4,34
2039,746,750,1009,1009,10,41
2040,746,757,2055,2055,18,120
2041,746,792,969,969,4,32
2042,747,201,709,709,4,5
2043,747,741,343,343,4,15
2044,747,748,695,695,7,31
2045,747,749,1383,1383,8,62
2046,747,752,1340,1340,5,58
2047,748,202,924,924,3,5
2048,748,742,598,598,6,17
2049,748,746,1211,1211,10,57
2050,748,747,1317,1317,17,69
2051,748,750,411,411,11,28
2052,749,203,1195,1195,4,6
2053,749,747,344,344,4,14
2054,749,750,585,585,4,25
2055,749,754,1457,1457,17,59
2056,749,758,2464,2464,24,88
2057,750,204,1148,1148,4,5
2058,750,746,538,538,7,29
2059,750,748,156,156,2,7
2060,750,749,1325,1325,5,69
2061,750,759,1112,1112,9,61
2062,751,205,2293,2293,5,7
2063,751,420,521,521,6,31
2064,751,743,263,263,4,11
2065,751,753,3116,3116,70,172
2066,751,755,1177,1177,4,35
2067,752,206,353,353,3,3
2068,752,420,2099,2099,6,52
2069,752,743,243,243,3,14
2070,752,747,707,707,5,33
2071,752,754,1316,1316,8,54
2072,753,207,2388,2388,8,12
2073,753,421,2463,2463,5,35
2074,753,751,974,974,4,29
2075,753,756,2465,2465,7,72
2076,753,762,3212,3212,74,136
2077,754,208,731,731,3,4
2078,754,421,1784,1784,8,60
2079,754,749,1414,1414,9,63
2080,754,752,700,700,4,23
2081,754,763,1201,1201,3,45
2082,755,209,3146,3146,7,9
2083,755,745,1518,1518,7,45
2084,755,751,1896,1896,9,105
2085,755,756,4585,4585,21,149
2086,756,210,6332,6332,11,17
2087,756,753,2619,2619,84,156
2088,756,755,1814,1814,13,51
2089,756,766,5017,5017,60,216
2090,757,211,1687,1687,5,9
2091,757,746,517,517,7,36
2092,757,759,674,674,9,36
2093,757,761,2547,2547,27,121
2094,757,768,1376,1376,7,78
2095,757,800,1267,1267,16,53
2096,758,212,438,438,3,4
2097,758,749,414,414,6,18
2098,758,759,519,519,1,32
2099,758,760,1891,1891,12,75
2100,758,763,1499,1499,10,47
2101,759,213,67,67,2,2
2102,759,750,327,327,2,13
2103,759,757,776,776,4,36
2104,759,758,575,575,1,28
2105,759,761,812,812,10,38
2106,760,214,791,791,4,5
2107,760,758,685,685,7,31
2108,760,761,904,904,13,36
2109,760,765,3310,3310,12,112
2110,760,769,1282,1282,6,44
2111,761,215,85,85,2,2
2112,761,757,637,637,5,39
2113,761,759,142,142,2,7
2114,761,760,2197,2197,18,79
2115,761,770,1788,1788,6,67
2116,762,216,2796,2796,7,13
2117,762,422,1399,1399,4,18
2118,762,753,1217,1217,15,33
2119,762,763,1509,1509,5,58
2120,762,764,794,794,2,41
2121,763,217,1424,1424,6,7
2122,763,754,508,508,5,20
2123,763,758,562,562,24,33
2124,763,762,1447,1447,37,69
2125,763,765,2622,2622,11,107
2126,764,218,1971,1971,6,9
2127,764,423,1913,1913,5,13
2128,764,762,466,466,6,22
2129,764,765,1152,1152,6,38
2130,764,773,1256,1256,23,53
2131,765,219,3889,3889,7,11
2132,765,760,744,744,16,44
2133,765,763,635,635,8,24
2134,765,764,2304,2304,38,90
2135,765,774,5144,5144,29,147
2136,766,220,2910,2910,6,11
2137,766,422,1360,1360,5,63
2138,766,756,2641,2641,15,76
2139,766,767,5205,5205,44,186
2140,767,221,2320,2320,5,7
2141,767,423,708,708,5,51
2142,767,766,1695,1695,5,54
2143,767,777,5783,5783,28,188
2144,768,222,2643,2643,7,10
2145,768,584,1265,1265,26,127
2146,768,757,436,436,5,39
2147,768,770,757,757,3,45
2148,768,772,2078,2078,8,113
2149,768,808,1373,1373,11,46
2150,769,223,715,715,3,4
2151,769,760,744,744,4,35
2152,769,770,473,473,5,19
2153,769,771,1487,1487,8,58
2154,769,774,467,467,3,39
2155,770,224,1239,1239,4,6
2156,770,761,397,397,9,23
2157,770,768,333,333,3,20
2158,770,769,878,878,10,37
2159,770,772,2242,2242,15,97
2160,771,225,1081,1081,4,7
2161,771,585,3049,3049,6,94
2162,771,769,460,460,10,27
2163,771,772,591,591,9,32
2164,771,776,2428,2428,6,76
2165,772,226,1637,1637,5,8
2166,772,586,2921,2921,6,104
2167,772,768,886,886,3,37
2168,772,770,671,671,14,42
2169,772,771,2756,2756,18,93
2170,773,227,1254,1254,5,6
2171,773,424,1590,1590,7,29
2172,773,764,371,371,11,24
2173,773,774,979,979,7,40
2174,773,775,2683,2683,15,75
2175,774,228,1946,1946,5,7
2176,774,765,1612,1612,11,56
2177,774,769,434,434,2,28
2178,774,773,2422,2422,39,89
2179,774,776,3696,3696,11,105
2180,775,229,2777,2777,6,10
2181,775,425,2664,2664,6,66
2182,775,589,2261,2261,7,69
2183,775,773,834,834,25,44
2184,775,776,1924,1924,5,65
2185,776,230,2311,2311,7,9
2186,776,590,5412,5412,20,190
2187,776,771,952,952,7,36
2188,776,774,1324,1324,6,42
2189,776,775,2477,2477,17,81
2190,777,231,2591,2591,5,8
2191,777,424,881,881,6,50
2192,777,767,1825,1825,8,75
2193,777,778,3961,3961,8,127
2194,777,779,3512,3512,18,102
2195,778,232,3456,3456,10,11
2196,778,429,5097,5097,32,129
2197,778,597,0,0,0,0
2198,778,777,1552,1552,13,58
2199,778,779,711,711,11,43
2200,779,233,4534,4534,8,12
2201,779,425,1579,1579,7,54
2202,779,427,4915,4915,29,140
2203,779,777,1206,1206,5,39
2204,779,778,760,760,3,25
2205,780,234,594,594,3,3
2206,780,781,381,381,7,39
2207,780,785,282,282,2,15
2208,780,914,617,617,4,52
2209,780,916,90,90,1,7
2210,781,235,110,110,1,2
2211,781,780,376,376,3,21
2212,781,782,230,230,6,23
2213,781,786,341,341,5,25
2214,781,917,129,129,2,10
2215,782,236,363,363,2,3
2216,782,781,140,140,4,10
2217,782,783,439,439,7,37
2218,782,787,441,441,9,25
2219,782,917,126,126,3,16
2220,782,918,18,18,1,3
2221,783,237,991,991,4,4
2222,783,782,237,237,4,19
2223,783,784,469,469,9,30
2224,783,788,713,713,3,41
2225,783,789,646,646,5,34
2226,783,918,47,47,1,7
2227,783,919,195,195,3,17
2228,784,238,152,152,2,3
2229,784,738,959,959,9,47
2230,784,783,485,485,6,31
2231,784,792,328,328,4,23
2232,784,919,148,148,2,12
2233,785,239,528,528,4,4
2234,785,780,100,100,2,8
2235,785,786,205,205,15,24
2236,785,793,443,443,13,44
2237,785,914,305,305,2,16
2238,786,240,184,184,2,2
2239,786,781,177,177,4,11
2240,786,785,362,362,3,20
2241,786,787,269,269,11,25
2242,786,794,278,278,6,23
2243,787,241,646,646,3,3
2244,787,782,131,131,4,11
2245,787,786,285,285,3,20
2246,787,789,135,135,2,10
2247,787,791,396,396,2,27
2248,787,795,1024,1024,18,56
2249,788,242,267,267,3,3
2250,788,783,366,366,3,19
2251,788,789,101,101,4,7
2252,788,790,631,631,4,26
2253,788,792,423,423,12,32
2254,789,243,324,324,2,4
2255,789,783,408,408,2,22
2256,789,787,253,253,1,17
2257,789,788,179,179,4,18
2258,789,791,636,636,4,30
2259,790,244,1876,1876,6,8
2260,790,788,315,315,3,12
2261,790,791,369,369,3,15
2262,790,792,745,745,14,36
2263,790,796,1740,1740,61,108
2264,791,245,686,686,4,4
2265,791,787,239,239,1,16
2266,791,789,333,333,3,15
2267,791,790,390,390,4,16
2268,791,797,1133,1133,9,50
2269,792,246,495,495,3,3
2270,792,746,1167,1167,4,49
2271,792,784,133,133,2,16
2272,792,788,247,247,3,12
2273,792,790,1260,1260,6,37
2274,792,800,387,387,4,42
2275,793,247,1018,1018,3,4
2276,793,785,251,251,5,15
2277,793,794,562,562,6,42
2278,793,801,340,340,14,43
2279,793,914,621,621,2,28
2280,794,248,169,169,3,3
2281,794,786,116,116,4,10
2282,794,793,517,517,4,24
2283,794,795,800,800,13,50
2284,794,802,163,163,7,21
2285,795,249,2763,2763,5,8
2286,795,787,226,226,4,16
2287,795,794,542,542,5,30
2288,795,797,438,438,5,28
2289,795,799,1555,1555,6,68
2290,795,803,1021,1021,9,89
2291,796,250,874,874,4,6
2292,796,790,913,913,4,31
2293,796,797,780,780,8,46
2294,796,798,675,675,3,40
2295,796,800,610,610,2,29
2296,797,251,141,141,2,2
2297,797,791,524,524,3,22
2298,797,795,729,729,3,38
2299,797,796,781,781,30,46
2300,797,799,983,983,5,40
2301,798,252,502,502,3,3
2302,798,796,316,316,3,14
2303,798,799,867,867,4,27
2304,798,800,982,982,5,43
2305,798,804,1073,1073,21,49
2306,799,253,1281,1281,6,8
2307,799,795,1039,1039,5,39
2308,799,797,550,550,5,18
2309,799,798,880,880,12,40
2310,799,805,2930,2930,19,88
2311,800,254,518,518,3,3
2312,800,757,2080,2080,10,91
2313,800,792,58,58,1,7
2314,800,796,445,445,7,17
2315,800,798,1031,1031,4,37
2316,800,808,20,20,1,3
2317,801,255,163,163,3,4
2318,801,389,137,137,2,8
2319,801,793,228,228,5,14
2320,801,802,406,406,9,40
2321,801,913,123,123,3,24
2322,802,256,344,344,3,5
2323,802,388,556,556,20,48
2324,802,794,19,19,3,4
2325,802,801,218,218,3,14
2326,802,803,293,293,9,25
2327,803,257,1158,1158,6,7
2328,803,709,1134,1134,14,84
2329,803,795,543,543,5,32
2330,803,802,207,207,3,12
2331,803,805,544,544,2,32
2332,803,807,294,294,2,13
2333,804,258,1571,1571,6,10
2334,804,798,535,535,13,27
2335,804,805,1494,1494,11,38
2336,804,806,1501,1501,5,52
2337,804,808,2077,2077,42,119
2338,805,259,2798,2798,10,13
2339,805,799,1932,1932,22,58
2340,805,803,418,418,2,19
2341,805,804,2578,2578,36,111
2342,805,807,1140,1140,10,63
2343,806,260,910,910,4,4
2344,806,710,2700,2700,39,90
2345,806,804,1043,1043,4,30
2346,806,807,282,282,4,20
2347,806,808,968,968,25,45
2348,807,261,808,808,4,5
2349,807,711,1383,1383,26,56
2350,807,803,305,305,2,17
2351,807,805,909,909,4,30
2352,807,806,484,484,8,41
2353,808,262,742,742,4,5
2354,808,584,458,458,11,77
2355,808,768,2898,2898,24,108
2356,808,800,1,1,1,1
2357,808,804,832,832,5,24
2358,808,806,906,906,5,29
2359,809,263,339,339,3,4
2360,809,697,2083,2083,12,64
2361,809,810,374,374,2,16
2362,809,811,442,442,5,24
2363,809,814,1023,1023,5,60
2364,810,264,231,231,3,3
2365,810,698,178,178,4,10
2366,810,809,476,476,4,63
2367,810,812,89,89,3,7
2368,810,866,335,335,3,22
2369,811,265,121,121,2,3
2370,811,809,870,870,6,39
2371,811,812,350,350,5,16
2372,811,816,475,475,6,37
2373,811,817,382,382,5,18
2374,812,266,103,103,2,3
2375,812,810,154,154,3,10
2376,812,811,492,492,5,45
2377,812,818,185,185,2,9
2378,812,866,380,380,2,22
2379,813,267,1809,1809,8,9
2380,813,472,1659,1659,11,46
2381,813,473,1559,1559,3,28
2382,813,701,1636,1636,7,71
2383,813,814,1189,1189,7,41
2384,814,268,888,888,4,5
2385,814,702,1313,1313,6,41
2386,814,809,954,954,5,32
2387,814,813,1940,1940,68,103
2388,814,816,395,395,5,21
2389,815,269,1197,1197,5,6
2390,815,471,265,265,6,15
2391,815,472,3017,3017,9,98
2392,815,638,923,923,7,52
2393,815,821,896,896,5,31
2394,816,270,692,692,3,5
2395,816,471,1981,1981,11,36
2396,816,811,386,386,6,21
2397,816,814,788,788,4,24
2398,816,822,680,680,5,24
2399,817,271,337,337,2,3
2400,817,470,683,683,5,14
2401,817,811,767,767,5,36
2402,817,818,186,186,2,13
2403,817,819,272,272,3,12
2404,818,272,564,564,3,4
2405,818,812,258,258,4,14
2406,818,817,312,312,25,36
2407,818,820,92,92,3,5
2408,818,869,35,35,2,5
2409,819,273,1202,1202,4,5
2410,819,469,1428,1428,8,23
2411,819,817,735,735,6,34
2412,819,820,537,537,3,26
2413,819,829,1048,1048,7,34
2414,820,274,54,54,2,2
2415,820,818,227,227,2,10
2416,820,819,527,527,7,25
2417,820,830,51,51,1,7
2418,820,869,411,411,3,25
2419,821,275,1046,1046,5,6
2420,821,815,2287,2287,7,95
2421,821,822,315,315,5,18
2422,821,823,1022,1022,7,33
2423,821,826,343,343,8,30
2424,822,276,301,301,3,4
2425,822,470,194,194,3,10
2426,822,816,1520,1520,9,80
2427,822,821,371,371,5,19
2428,822,824,594,594,4,19
2429,823,277,1099,1099,5,6
2430,823,821,2041,2041,14,96
2431,823,824,590,590,4,26
2432,823,828,1033,1033,13,45
2433,823,833,1623,1623,6,43
2434,824,278,978,978,4,6
2435,824,469,528,528,9,35
2436,824,822,1233,1233,7,79
2437,824,823,734,734,7,33
2438,824,834,775,775,5,27
2439,825,279,568,568,4,4
2440,825,638,1272,1272,5,59
2441,825,649,1060,1060,5,44
2442,825,826,394,394,4,27
2443,825,827,188,188,2,20
2444,826,280,244,244,3,3
2445,826,638,1175,1175,7,57
2446,826,821,392,392,5,26
2447,826,825,303,303,4,13
2448,826,828,408,408,8,22
2449,827,281,149,149,2,3
2450,827,651,708,708,7,30
2451,827,825,378,378,7,28
2452,827,828,563,563,5,28
2453,827,837,328,328,5,22
2454,828,282,57,57,1,2
2455,828,823,997,997,7,39
2456,828,826,817,817,6,43
2457,828,827,421,421,6,20
2458,828,838,309,309,1,20
2459,829,283,1491,1491,5,7
2460,829,457,459,459,4,24
2461,829,468,282,282,5,13
2462,829,819,1524,1524,11,82
2463,829,834,1166,1166,6,33
2464,830,284,330,330,2,3
2465,830,468,412,412,5,49
2466,830,820,95,95,1,12
2467,830,832,49,49,1,6
2468,830,872,24,24,3,6
2469,831,285,820,820,3,5
2470,831,457,1107,1107,2,14
2471,831,836,651,651,2,21
2472,831,845,309,309,2,14
2473,832,286,193,193,2,3
2474,832,459,289,289,4,29
2475,832,830,79,79,1,7
2476,832,872,45,45,4,7
2477,833,287,3060,3060,6,8
2478,833,455,954,954,7,40
2479,833,823,2214,2214,10,109
2480,833,834,1642,1642,8,44
2481,833,838,434,434,4,18
2482,834,288,4983,4983,9,13
2483,834,456,1984,1984,29,60
2484,834,824,1399,1399,61,99
2485,834,829,1068,1068,15,46
2486,834,833,1429,1429,10,44
2487,835,289,1089,1089,5,6
2488,835,455,607,607,11,44
2489,835,836,433,433,15,24
2490,835,840,385,385,9,41
2491,835,846,84,84,2,7
2492,836,290,1467,1467,4,6
2493,836,456,644,644,30,57
2494,836,831,467,467,5,29
2495,836,835,337,337,6,13
2496,836,846,89,89,3,13
2497,837,291,431,431,3,4
2498,837,827,721,721,19,41
2499,837,838,693,693,17,37
2500,837,839,50,50,2,4
2501,837,842,747,747,4,33
2502,838,292,467,467,4,6
2503,838,454,413,413,6,19
2504,838,828,418,418,2,34
2505,838,833,642,642,4,21
2506,838,837,650,650,6,31
2507,839,293,357,357,3,4
2508,839,837,84,84,5,17
2509,839,840,602,602,4,25
2510,839,844,628,628,8,37
2511,839,847,45,45,1,4
2512,840,294,487,487,3,4
2513,840,454,1125,1125,8,69
2514,840,835,532,532,4,22
2515,840,839,451,451,4,22
2516,840,847,119,119,3,9
2517,841,295,650,650,3,4
2518,841,453,725,725,8,15
2519,841,663,778,778,6,28
2520,841,842,852,852,6,34
2521,841,843,114,114,1,6
2522,842,296,759,759,4,5
2523,842,651,873,873,7,55
2524,842,837,797,797,4,36
2525,842,841,983,983,26,64
2526,842,844,557,557,5,26
2527,843,297,626,626,4,5
2528,843,665,1063,1063,4,49
2529,843,841,149,149,5,10
2530,843,844,545,545,12,36
2531,843,848,46,46,4,10
2532,844,298,466,466,4,6
2533,844,839,536,536,4,30
2534,844,842,714,714,4,43
2535,844,843,631,631,7,32
2536,844,848,176,176,6,19
2537,845,299,800,800,4,5
2538,845,459,23,23,2,3
2539,845,467,331,331,5,41
2540,845,831,454,454,6,30
2541,845,846,69,69,3,9
2542,845,875,219,219,5,14
2543,846,300,210,210,2,4
2544,846,835,169,169,3,25
2545,846,836,236,236,6,15
2546,846,845,83,83,5,7
2547,846,847,54,54,3,7
2548,846,856,50,50,3,15
2549,847,301,251,251,2,3
2550,847,839,85,85,4,8
2551,847,840,292,292,5,32
2552,847,846,54,54,6,9
2553,847,848,144,144,9,19
2554,847,857,51,51,4,8
2555,848,302,95,95,1,2
2556,848,447,302,302,8,22
2557,848,843,98,98,4,9
2558,848,844,311,311,8,30
2559,848,847,81,81,3,11
2560,848,858,110,110,3,12
2561,849,303,1467,1467,5,6
2562,849,447,886,886,12,75
2563,849,664,725,725,6,27
2564,849,665,119,119,2,7
2565,849,851,96,96,2,7
2566,849,853,134,134,5,11
2567,849,859,44,44,3,11
2568,850,304,325,325,2,3
2569,850,668,1444,1444,20,76
2570,850,851,248,248,3,10
2571,850,852,91,91,5,8
2572,850,854,402,402,5,15
2573,851,305,730,730,4,4
2574,851,669,1143,1143,10,47
2575,851,849,141,141,4,15
2576,851,850,382,382,6,25
2577,851,853,155,155,3,8
2578,852,306,83,83,2,3
2579,852,850,276,276,6,24
2580,852,853,183,183,4,12
2581,852,854,176,176,2,8
2582,852,860,57,57,3,6
2583,853,307,141,141,2,3
2584,853,849,290,290,5,35
2585,853,851,388,388,3,19
2586,853,852,197,197,5,17
2587,853,860,143,143,5,11
2588,854,308,118,118,2,2
2589,854,670,39,39,1,5
2590,854,850,687,687,6,40
2591,854,852,133,133,1,9
2592,854,861,1,1,1,1
2593,854,905,428,428,2,22
2594,854,907,261,261,3,16
2595,855,309,788,788,4,4
2596,855,466,228,228,6,7
2597,855,467,593,593,5,64
2598,855,856,117,117,7,16
2599,855,878,271,271,3,14
2600,856,310,28,28,1,2
2601,856,846,124,124,3,14
2602,856,855,140,140,7,12
2603,856,857,81,81,5,13
2604,856,863,80,80,4,11
2605,857,311,36,36,1,2
2606,857,847,84,84,6,14
2607,857,856,63,63,5,9
2608,857,858,105,105,6,11
2609,857,885,69,69,4,6
2610,858,312,330,330,3,5
2611,858,446,409,409,17,30
2612,858,848,183,183,6,20
2613,858,857,56,56,5,6
2614,858,886,107,107,4,9
2615,859,313,114,114,2,2
2616,859,446,84,84,5,6
2617,859,849,194,194,11,23
2618,859,860,54,54,7,9
2619,859,887,14,14,2,4
2620,860,314,320,320,3,4
2621,860,852,152,152,4,17
2622,860,853,359,359,5,26
2623,860,859,56,56,5,7
2624,860,861,150,150,5,9
2625,860,888,39,39,2,7
2626,861,315,28,28,1,1
2627,861,854,11,11,1,4
2628,861,860,151,151,5,10
2629,861,888,29,29,2,7
2630,861,907,234,234,3,16
2631,861,910,43,43,2,6
2632,862,316,475,475,3,4
2633,862,465,163,163,4,8
2634,862,466,654,654,17,49
2635,862,863,177,177,4,15
2636,862,889,95,95,1,17
2637,863,317,55,55,2,2
2638,863,856,133,133,4,16
2639,863,862,152,152,2,15
2640,863,885,210,210,2,14
2641,863,890,95,95,3,13
2642,864,318,674,674,3,4
2643,864,732,142,142,3,12
2644,864,865,862,862,26,77
2645,864,867,129,129,3,13
2646,864,913,0,0,0,0
2647,865,319,606,606,3,4
2648,865,733,1025,1025,26,74
2649,865,864,448,448,3,22
2650,865,866,659,659,9,52
2651,865,868,129,129,1,16
2652,866,320,2458,2458,5,8
2653,866,736,1760,1760,8,83
2654,866,737,1838,1838,10,65
2655,866,810,323,323,7,25
2656,866,812,495,495,2,45
2657,866,865,352,352,2,22
2658,866,868,312,312,3,31
2659,866,869,515,515,6,54
2660,867,321,214,214,2,3
2661,867,864,210,210,3,19
2662,867,868,342,342,8,29
2663,867,870,67,67,3,6
2664,868,322,407,407,2,3
2665,868,865,179,179,1,28
2666,868,866,589,589,4,56
2667,868,867,198,198,2,14
2668,868,869,151,151,4,27
2669,868,871,148,148,3,13
2670,869,323,47,47,2,2
2671,869,818,109,109,3,15
2672,869,820,366,366,4,28
2673,869,866,795,795,6,60
2674,869,868,104,104,2,12
2675,869,872,242,242,4,28
2676,870,324,77,77,3,3
2677,870,867,126,126,3,14
2678,870,871,127,127,11,20
2679,871,325,42,42,1,1
2680,871,868,240,240,7,26
2681,871,870,73,73,3,8
2682,871,872,75,75,4,12
2683,871,874,240,240,4,18
2684,872,326,40,40,2,2
2685,872,460,240,240,4,17
2686,872,830,84,84,6,10
2687,872,832,60,60,4,7
2688,872,869,411,411,5,46
2689,872,871,33,33,3,6
2690,873,327,25,25,2,2
2691,873,462,30,30,3,5
2692,873,874,27,27,4,9
2693,874,328,808,808,3,4
2694,874,461,452,452,4,34
2695,874,871,268,268,5,30
2696,874,873,14,14,1,3
2697,874,875,118,118,5,8
2698,875,329,485,485,3,3
2699,875,460,843,843,11,53
2700,875,845,153,153,5,11
2701,875,874,215,215,3,10
2702,875,878,207,207,2,17
2703,876,330,639,639,3,4
2704,876,462,130,130,3,18
2705,876,877,128,128,3,9
2706,876,879,19,19,2,4
2707,877,331,1027,1027,5,6
2708,877,461,897,897,7,75
2709,877,876,436,436,3,18
2710,877,878,234,234,2,13
2711,877,880,113,113,4,11
2712,878,332,574,574,3,4
2713,878,855,228,228,5,17
2714,878,875,459,459,2,61
2715,878,877,385,385,2,19
2716,878,881,111,111,3,10
2717,879,333,31,31,2,2
2718,879,876,78,78,2,15
2719,879,880,25,25,1,6
2720,879,882,11,11,1,2
2721,880,334,70,70,1,2
2722,880,877,314,314,6,27
2723,880,879,18,18,1,4
2724,880,881,87,87,4,8
2725,880,883,30,30,2,4
2726,881,335,444,444,3,3
2727,881,465,453,453,15,37
2728,881,878,160,160,8,23
2729,881,880,115,115,4,8
2730,881,884,98,98,3,7
2731,882,336,25,25,1,2
2732,882,879,30,30,2,6
2733,882,883,25,25,2,6
2734,883,337,35,35,1,2
2735,883,464,59,59,4,8
2736,883,880,96,96,2,10
2737,883,882,14,14,1,3
2738,884,338,136,136,3,3
2739,884,464,67,67,4,6
2740,884,881,241,241,6,28
2741,884,889,19,19,3,4
2742,885,339,43,43,1,2
2743,885,445,102,102,2,9
2744,885,857,74,74,6,12
2745,885,863,153,153,1,18
2746,885,892,225,225,2,14
2747,886,340,273,273,3,3
2748,886,445,601,601,2,19
2749,886,858,182,182,7,15
2750,886,887,89,89,1,8
2751,886,892,608,608,2,29
2752,887,341,28,28,2,2
2753,887,859,78,78,6,15
2754,887,886,226,226,2,12
2755,887,888,77,77,3,8
2756,887,893,31,31,1,4
2757,888,342,134,134,2,2
2758,888,860,192,192,6,31
2759,888,861,86,86,7,11
2760,888,887,119,119,3,13
2761,888,894,46,46,2,5
2762,888,910,70,70,2,5
2763,889,343,71,71,1,2
2764,889,862,161,161,1,19
2765,889,884,19,19,1,4
2766,889,895,64,64,1,11
2767,890,344,47,47,1,2
2768,890,863,67,67,6,17
2769,890,891,184,184,2,11
2770,890,896,8,8,1,2
2771,891,345,229,229,2,2
2772,891,890,62,62,2,12
2773,891,896,40,40,1,5
2774,891,897,867,867,10,33
2775,891,899,12,12,1,4
2776,892,346,2205,2205,4,7
2777,892,885,148,148,2,21
2778,892,886,551,551,5,50
2779,892,897,1670,1670,6,63
2780,893,347,144,144,2,2
2781,893,887,137,137,3,17
2782,893,894,194,194,5,17
2783,893,898,269,269,4,15
2784,893,901,32,32,1,5
2785,894,348,132,132,2,3
2786,894,888,162,162,2,19
2787,894,893,176,176,4,13
2788,894,910,243,243,1,21
2789,895,349,64,64,2,2
2790,895,889,77,77,1,17
2791,895,896,98,98,1,7
2792,896,350,76,76,2,2
2793,896,890,12,12,1,3
2794,896,891,229,229,1,12
2795,896,895,39,39,1,6
2796,896,899,26,26,1,6
2797,897,351,3424,3424,5,8
2798,897,443,513,513,1,12
2799,897,891,229,229,3,16
2800,897,892,1411,1411,2,53
2801,897,899,55,55,1,3
2802,898,352,377,377,2,3
2803,898,442,198,198,1,12
2804,898,443,749,749,3,27
2805,898,893,181,181,4,16
2806,898,900,94,94,2,6
2807,899,353,125,125,2,2
2808,899,442,89,89,1,15
2809,899,891,20,20,1,3
2810,899,896,23,23,1,5
2811,899,897,305,305,2,11
2812,900,354,89,89,1,2
2813,900,898,318,318,7,16
2814,900,901,54,54,1,5
2815,901,355,86,86,2,2
2816,901,893,72,72,1,12
2817,901,900,132,132,1,9
2818,902,356,17126,17126,25,44
2819,902,513,1576,1576,6,69
2820,902,541,2096,2096,6,110
2821,902,542,3342,3342,12,107
2822,902,660,4183,4183,8,146
2823,902,661,2359,2359,25,141
2824,902,670,565,565,2,37
2825,903,357,9543,9543,14,23
2826,903,514,1966,1966,6,72
2827,903,516,1974,1974,6,82
2828,903,542,6365,6365,22,233
2829,903,543,1570,1570,10,51
2830,903,544,1408,1408,6,43
2831,904,358,3122,3122,7,12
2832,904,544,2891,2891,16,112
2833,904,906,1199,1199,6,52
2834,905,359,3832,3832,7,9
2835,905,513,2741,2741,13,138
2836,905,514,1042,1042,4,56
2837,905,670,801,801,4,46
2838,905,854,228,228,3,18
2839,905,906,1222,1222,4,58
2840,905,907,505,505,7,31
2841,906,360,5170,5170,7,12
2842,906,516,2258,2258,11,58
2843,906,904,1105,1105,3,45
2844,906,905,916,916,11,48
2845,906,908,744,744,4,31
2846,906,909,56,56,1,5
2847,906,931,111,111,1,15
2848,907,361,429,429,2,3
2849,907,854,514,514,9,40
2850,907,861,114,114,3,9
2851,907,905,1154,1154,4,40
2852,907,908,817,817,4,37
2853,907,910,118,118,4,13
2854,908,362,2067,2067,4,6
2855,908,517,556,556,4,12
2856,908,906,1368,1368,4,51
2857,908,907,789,789,6,51
2858,908,911,148,148,1,8
2859,908,912,0,0,0,0
2860,909,363,194,194,2,3
2861,909,517,332,332,5,17
2862,909,906,211,211,3,12
2863,909,912,5,5,1,1
2864,910,364,214,214,3,3
2865,910,861,67,67,3,11
2866,910,888,75,75,4,8
2867,910,894,114,114,1,10
2868,910,907,426,426,5,38
2869,910,911,362,362,4,18
2870,911,365,577,577,3,4
2871,911,518,444,444,5,16
2872,911,908,292,292,1,15
2873,911,910,279,279,10,22
2874,912,366,72,72,2,2
2875,912,518,175,175,6,9
2876,912,908,0,0,0,0
2877,912,909,6,6,1,1
2878,913,367,1382,1382,4,6
2879,913,417,1233,1233,6,58
2880,913,708,154,154,6,24
2881,913,714,212,212,6,25
2882,913,720,484,484,6,33
2883,913,726,373,373,6,23
2884,913,801,89,89,3,16
2885,913,864,0,0,0,0
2886,914,368,1802,1802,5,6
2887,914,389,372,372,24,43
2888,914,780,175,175,3,14
2889,914,785,169,169,5,13
2890,914,793,574,574,4,31
2891,914,915,7,7,1,3
2892,915,369,125,125,2,2
2893,915,914,107,107,1,13
2894,915,916,196,196,2,17
2895,916,370,221,221,2,2
2896,916,780,384,384,1,17
2897,916,915,118,118,1,8
2898,916,917,329,329,2,24
2899,917,371,229,229,2,3
2900,917,781,257,257,2,15
2901,917,782,474,474,6,43
2902,917,916,169,169,2,15
2903,917,918,136,136,1,14
2904,918,372,226,226,3,3
2905,918,782,99,99,1,7
2906,918,783,267,267,2,30
2907,918,917,107,107,1,12
2908,918,919,250,250,3,15
2909,919,373,572,572,3,5
2910,919,783,557,557,6,42
2911,919,784,384,384,9,30
2912,919,918,131,131,4,12
2913,919,920,645,645,6,45
2914,919,924,154,154,2,12
2915,920,374,552,552,3,4
2916,920,738,256,256,3,24
2917,920,740,628,628,6,45
2918,920,919,429,429,8,21
2919,920,921,822,822,3,44
2920,921,375,508,508,3,4
2921,921,418,1287,1287,4,61
2922,921,739,379,379,4,27
2923,921,743,469,469,5,35
2924,921,920,282,282,3,19
2925,922,376,3372,3372,6,9
2926,922,418,2316,2316,7,118
2927,922,743,1081,1081,3,84
2928,922,744,2137,2137,3,85
2929,923,377,1536,1536,5,8
2930,923,418,1695,1695,25,200
2931,924,378,154,154,2,2
2932,924,919,189,189,2,43
2933,925,379,1425,1425,4,6
2934,925,390,1290,1290,18,141
2935,926,380,368,368,3,3
2936,926,417,497,497,11,110
2937,927,381,1572,1572,4,6
2938,927,462,1918,1918,6,114
2939,928,382,1736,1736,5,6
2940,928,463,1558,1558,6,146
2941,929,383,660,660,3,4
2942,929,442,728,728,6,60
2943,930,384,0,0,0,0
2944,930,518,0,0,0,0
2945,931,385,111,111,1,2
2946,931,906,167,167,2,45
2947,932,386,27,27,1,1
2948,932,515,22,22,5,5
2949,933,387,5496,5496,6,11
2950,933,534,5875,5875,9,359
