zone_id,time,speed,volume,occupancy
196168,00:00,22.9,7.0,0.0
196168,00:15,20.3,6.0,0.1
196168,00:30,27.7,8.0,0.0
196168,00:45,11.3,3.0,0.0
196168,01:00,2.2,1.0,0.0
196168,01:15,7.8,2.0,0.0
196168,01:30,7.2,2.0,0.0
196168,01:45,7.3,2.0,0.0
196168,02:00,6.1,3.0,0.2
196168,02:15,7.1,3.0,0.1
196168,02:30,10.2,4.0,0.2
196168,02:45,5.5,3.0,0.1
196168,03:00,6.9,2.0,0.0
196168,03:15,9.2,5.0,0.1
196168,03:30,19.2,7.0,0.2
196168,03:45,19.2,10.0,0.3
196168,04:00,31.6,12.0,0.2
196168,04:15,28.2,15.0,0.5
196168,04:30,31.4,20.0,0.7
196168,04:45,37.5,36.0,1.2
196168,05:00,39.4,47.0,2.0
196168,05:15,39.9,61.0,3.0
196168,05:30,40.0,77.0,4.3
196168,05:45,38.0,117.0,6.6
196168,06:00,37.8,118.0,8.4
196168,06:15,31.5,128.0,9.0
196168,06:30,35.1,117.0,8.1
196168,06:45,34.8,138.0,9.7
196168,07:00,39.2,131.0,8.8
196168,07:15,31.6,129.0,8.8
196168,07:30,36.2,119.0,8.5
196168,07:45,37.0,93.0,5.8
196168,08:00,37.3,119.0,7.7
196168,08:15,36.4,83.0,5.2
196168,08:30,39.4,86.0,4.8
196168,08:45,37.8,80.0,5.2
196168,09:00,33.8,85.0,3.9
196168,09:15,40.2,63.0,3.5
196168,09:30,39.4,96.0,5.0
196168,09:45,41.3,61.0,2.8
196168,10:00,43.2,66.0,2.8
196168,10:15,38.4,54.0,2.6
196168,10:30,40.0,50.0,1.8
196168,10:45,36.8,52.0,2.4
196168,11:00,43.7,73.0,2.9
196168,11:15,42.4,62.0,2.7
196168,11:30,41.6,80.0,3.3
196168,11:45,43.8,75.0,3.4
196168,12:00,40.0,74.0,3.1
196168,12:15,38.8,73.0,3.5
196168,12:30,39.1,83.0,3.9
196168,12:45,41.8,83.0,3.2
196168,13:00,42.0,80.0,4.5
196168,13:15,43.2,86.0,3.5
196168,13:30,40.4,91.0,4.6
196168,13:45,42.6,74.0,3.0
196168,14:00,42.9,75.0,3.4
196168,14:15,41.6,97.0,4.4
196168,14:30,40.8,91.0,4.2
196168,14:45,43.4,88.0,4.2
196168,15:00,27.8,64.0,6.8
196168,15:15,28.8,85.0,17.8
196168,15:30,30.7,92.0,14.5
196168,15:45,31.3,85.0,6.2
196168,16:00,28.4,92.0,16.1
196168,16:15,33.1,74.0,16.2
196168,16:30,27.1,110.0,29.6
196168,16:45,26.6,93.0,29.7
196168,17:00,29.4,93.0,25.5
196168,17:15,30.3,96.0,26.3
196168,17:30,29.3,96.0,14.4
196168,17:45,28.5,87.0,20.9
196168,18:00,25.8,77.0,25.8
196168,18:15,27.2,86.0,23.8
196168,18:30,29.2,72.0,9.8
196168,18:45,36.4,78.0,14.6
196168,19:00,32.2,97.0,10.3
196168,19:15,36.8,72.0,6.2
196168,19:30,33.7,93.0,6.8
196168,19:45,41.8,78.0,3.5
196168,20:00,43.5,76.0,2.8
196168,20:15,41.5,82.0,3.5
196168,20:30,34.9,85.0,4.5
196168,20:45,43.2,69.0,2.5
196168,21:00,38.2,63.0,2.8
196168,21:15,41.8,74.0,3.2
196168,21:30,41.2,51.0,2.2
196168,21:45,39.8,49.0,1.9
196168,22:00,34.8,39.0,1.7
196168,22:15,34.7,40.0,1.6
196168,22:30,38.3,27.0,1.1
196168,22:45,39.5,32.0,1.0
196168,23:00,36.5,20.0,0.5
196168,23:15,27.0,14.0,0.4
196168,23:30,29.2,13.0,0.3
196168,23:45,20.5,7.0,0.1
196182,00:00,40.5,80.0,0.4
196182,00:15,33.2,56.0,0.4
196182,00:30,38.0,74.0,0.6
196182,00:45,32.6,42.0,0.2
196182,01:00,26.0,37.0,0.2
196182,01:15,25.0,31.0,0.1
196182,01:30,25.0,29.0,0.1
196182,01:45,27.9,31.0,0.1
196182,02:00,31.1,33.0,0.2
196182,02:15,24.2,21.0,0.1
196182,02:30,27.5,33.0,0.2
196182,02:45,23.2,32.0,0.2
196182,03:00,24.4,27.0,0.1
196182,03:15,22.6,30.0,0.2
196182,03:30,20.8,28.0,0.3
196182,03:45,20.1,26.0,0.2
196182,04:00,27.1,30.0,0.2
196182,04:15,27.1,38.0,0.2
196182,04:30,33.3,44.0,0.3
196182,04:45,33.8,73.0,0.6
196182,05:00,42.7,72.0,0.5
196182,05:15,43.3,84.0,0.6
196182,05:30,36.2,63.0,0.6
196182,05:45,39.4,84.0,0.7
196182,06:00,45.4,110.0,1.3
196182,06:15,38.9,105.0,1.0
196182,06:30,46.0,171.0,2.1
196182,06:45,43.8,170.0,1.9
196182,07:00,45.5,155.0,1.8
196182,07:15,42.2,183.0,2.9
196182,07:30,46.8,241.0,2.8
196182,07:45,44.8,210.0,2.6
196182,08:00,44.7,255.0,3.2
196182,08:15,45.7,224.0,2.7
196182,08:30,44.2,281.0,3.2
196182,08:45,41.0,243.0,3.4
196182,09:00,45.2,261.0,2.7
196182,09:15,42.2,212.0,2.4
196182,09:30,44.0,302.0,3.3
196182,09:45,45.5,300.0,3.3
196182,10:00,44.4,303.0,3.4
196182,10:15,44.6,272.0,3.3
196182,10:30,46.3,295.0,3.2
196182,10:45,45.9,262.0,3.1
196182,11:00,46.5,327.0,3.6
196182,11:15,45.4,280.0,3.3
196182,11:30,45.3,363.0,3.8
196182,11:45,45.8,365.0,4.3
196182,12:00,43.8,363.0,4.1
196182,12:15,42.5,305.0,3.8
196182,12:30,44.4,358.0,4.3
196182,12:45,44.5,287.0,3.1
196182,13:00,45.6,285.0,3.1
196182,13:15,45.6,316.0,3.6
196182,13:30,45.8,286.0,3.4
196182,13:45,43.0,348.0,3.9
196182,14:00,44.6,282.0,3.7
196182,14:15,42.0,374.0,4.4
196182,14:30,44.8,414.0,4.8
196182,14:45,46.7,320.0,3.9
196182,15:00,41.2,353.0,4.4
196182,15:15,41.9,351.0,5.0
196182,15:30,42.2,400.0,5.0
196182,15:45,42.6,321.0,4.2
196182,16:00,43.8,372.0,4.7
196182,16:15,39.7,381.0,5.3
196182,16:30,41.5,382.0,4.5
196182,16:45,43.1,326.0,4.4
196182,17:00,44.5,348.0,3.9
196182,17:15,42.0,377.0,5.3
196182,17:30,41.0,380.0,5.7
196182,17:45,44.0,421.0,5.1
196182,18:00,45.9,384.0,4.6
196182,18:15,43.5,316.0,4.0
196182,18:30,42.4,290.0,3.2
196182,18:45,41.6,283.0,3.5
196182,19:00,44.7,336.0,3.6
196182,19:15,44.8,277.0,3.1
196182,19:30,47.1,296.0,2.8
196182,19:45,50.8,253.0,2.8
196182,20:00,44.9,253.0,2.5
196182,20:15,47.4,293.0,3.0
196182,20:30,43.8,259.0,3.1
196182,20:45,47.4,223.0,2.3
196182,21:00,45.2,228.0,2.2
196182,21:15,48.3,204.0,1.9
196182,21:30,43.5,206.0,2.2
196182,21:45,44.1,194.0,1.9
196182,22:00,47.5,193.0,2.0
196182,22:15,43.9,222.0,2.3
196182,22:30,45.9,213.0,2.1
196182,22:45,47.1,171.0,1.6
196182,23:00,45.0,152.0,1.4
196182,23:15,41.4,131.0,1.2
196182,23:30,47.0,114.0,1.0
196182,23:45,43.2,115.0,0.9
196495,00:00,71.6,321.0,3.7
196495,00:15,71.4,282.0,3.2
196495,00:30,72.5,233.0,2.6
196495,00:45,70.8,257.0,2.5
196495,01:00,71.5,219.0,2.7
196495,01:15,72.2,210.0,2.2
196495,01:30,72.0,212.0,2.8
196495,01:45,67.8,172.0,2.2
196495,02:00,69.4,161.0,1.8
196495,02:15,73.1,197.0,2.0
196495,02:30,74.2,171.0,1.9
196495,02:45,74.5,217.0,2.3
196495,03:00,73.6,209.0,2.3
196495,03:15,74.0,293.0,2.9
196495,03:30,72.9,286.0,3.3
196495,03:45,72.7,363.0,3.6
196495,04:00,73.3,476.0,4.7
196495,04:15,72.4,566.0,6.1
196495,04:30,72.4,713.0,7.3
196495,04:45,72.3,770.0,8.1
196495,05:00,68.4,962.0,9.7
196495,05:15,52.5,986.0,14.4
196495,05:30,38.7,966.0,20.3
196495,05:45,43.7,792.0,17.2
196495,06:00,30.1,859.0,24.6
196495,06:15,26.0,667.0,26.7
196495,06:30,24.0,700.0,29.2
196495,06:45,24.0,661.0,26.4
196495,07:00,22.7,695.0,30.9
196495,07:15,26.2,644.0,28.4
196495,07:30,29.0,795.0,22.8
196495,07:45,29.9,695.0,24.4
196495,08:00,27.1,730.0,25.0
196495,08:15,26.2,756.0,26.3
196495,08:30,31.0,721.0,24.4
196495,08:45,39.5,747.0,20.0
196495,09:00,66.7,777.0,8.9
196495,09:15,67.0,949.0,9.8
196495,09:30,68.1,857.0,9.1
196495,09:45,68.5,818.0,9.0
196495,10:00,67.9,884.0,9.3
196495,10:15,65.7,852.0,9.7
196495,10:30,65.0,923.0,9.8
196495,10:45,58.9,832.0,10.6
196495,11:00,68.7,885.0,8.4
196495,11:15,67.2,846.0,9.2
196495,11:30,63.1,967.0,10.2
196495,11:45,66.2,861.0,9.6
196495,12:00,66.6,930.0,9.1
196495,12:15,63.6,849.0,10.3
196495,12:30,12.5,389.0,40.6
196495,12:45,11.9,279.0,42.0
196495,13:00,11.5,307.0,42.6
196495,13:15,20.9,442.0,29.9
196495,13:30,34.2,803.0,21.7
196495,13:45,27.9,638.0,25.7
196495,14:00,20.5,547.0,34.7
196495,14:15,12.2,346.0,41.7
196495,14:30,17.1,497.0,34.9
196495,14:45,19.1,578.0,32.3
196495,15:00,18.5,532.0,33.2
196495,15:15,24.2,711.0,27.4
196495,15:30,32.5,755.0,22.4
196495,15:45,39.9,801.0,17.7
196495,16:00,29.8,758.0,23.8
196495,16:15,38.7,817.0,18.7
196495,16:30,53.1,750.0,11.7
196495,16:45,63.5,837.0,8.8
196495,17:00,64.9,833.0,9.3
196495,17:15,66.0,899.0,9.1
196495,17:30,65.9,835.0,8.4
196495,17:45,62.1,817.0,10.9
196495,18:00,59.7,581.0,9.9
196495,18:15,73.7,504.0,4.7
196495,18:30,73.2,552.0,4.5
196495,18:45,72.9,601.0,5.2
196495,19:00,71.9,549.0,5.4
196495,19:15,68.8,819.0,8.8
196495,19:30,58.6,824.0,11.3
196495,19:45,43.5,737.0,15.7
196495,20:00,32.0,742.0,22.9
196495,20:15,51.6,728.0,14.1
196495,20:30,68.0,661.0,7.8
196495,20:45,67.2,654.0,6.8
196495,21:00,68.1,575.0,6.9
196495,21:15,68.1,631.0,7.1
196495,21:30,66.0,689.0,8.9
196495,21:45,71.2,418.0,4.4
196495,22:00,72.1,349.0,3.4
196495,22:15,71.8,433.0,3.9
196495,22:30,71.6,361.0,4.0
196495,22:45,73.0,286.0,2.6
196495,23:00,72.8,313.0,3.3
196495,23:15,71.8,332.0,3.5
196495,23:30,71.4,332.0,4.2
196495,23:45,70.1,301.0,4.1
196740,00:00,68.4,284.0,2.5
196740,00:15,69.3,250.0,2.1
196740,00:30,68.7,220.0,1.8
196740,00:45,68.9,236.0,1.6
196740,01:00,68.1,239.0,1.8
196740,01:15,67.6,190.0,1.3
196740,01:30,68.4,209.0,2.1
196740,01:45,68.8,161.0,1.3
196740,02:00,70.9,189.0,1.5
196740,02:15,69.6,179.0,1.3
196740,02:30,72.0,176.0,1.3
196740,02:45,68.9,192.0,1.4
196740,03:00,69.6,241.0,1.7
196740,03:15,70.0,258.0,2.1
196740,03:30,69.7,307.0,2.5
196740,03:45,68.2,361.0,2.8
196740,04:00,69.0,432.0,3.0
196740,04:15,68.1,570.0,4.5
196740,04:30,67.7,741.0,5.5
196740,04:45,66.3,759.0,5.8
196740,05:00,64.1,1017.0,7.4
196740,05:15,59.4,1112.0,9.5
196740,05:30,58.0,1226.0,9.8
196740,05:45,58.9,1107.0,9.5
196740,06:00,57.3,1202.0,9.7
196740,06:15,56.2,1222.0,10.9
196740,06:30,56.3,1239.0,10.4
196740,06:45,55.7,1136.0,10.3
196740,07:00,56.4,1165.0,9.7
196740,07:15,54.1,1147.0,11.0
196740,07:30,58.4,1244.0,9.9
196740,07:45,58.1,1100.0,10.0
196740,08:00,57.8,1126.0,9.2
196740,08:15,57.8,1099.0,9.7
196740,08:30,58.8,1159.0,9.1
196740,08:45,59.9,998.0,9.3
196740,09:00,62.4,1018.0,8.3
196740,09:15,62.0,1068.0,8.8
196740,09:30,63.7,1040.0,7.8
196740,09:45,64.2,926.0,7.6
196740,10:00,64.1,993.0,7.8
196740,10:15,62.1,1101.0,8.8
196740,10:30,62.8,1100.0,7.9
196740,10:45,62.2,978.0,7.9
196740,11:00,62.5,1027.0,7.3
196740,11:15,61.6,989.0,8.1
196740,11:30,61.5,1065.0,8.1
196740,11:45,62.7,965.0,7.7
196740,12:00,62.1,1059.0,7.9
196740,12:15,63.8,843.0,6.7
196740,12:30,66.5,621.0,4.1
196740,12:45,66.2,626.0,4.4
196740,13:00,64.1,660.0,5.7
196740,13:15,61.3,974.0,8.5
196740,13:30,59.1,980.0,9.0
196740,13:45,60.8,1016.0,8.4
196740,14:00,63.0,685.0,5.3
196740,14:15,65.0,645.0,4.6
196740,14:30,62.4,824.0,6.5
196740,14:45,62.4,776.0,7.0
196740,15:00,63.0,859.0,6.6
196740,15:15,59.5,925.0,8.2
196740,15:30,59.2,1033.0,8.3
196740,15:45,59.6,899.0,7.9
196740,16:00,59.7,925.0,7.6
196740,16:15,60.0,862.0,7.0
196740,16:30,60.9,940.0,7.2
196740,16:45,60.7,883.0,7.3
196740,17:00,62.8,971.0,7.4
196740,17:15,62.8,981.0,7.0
196740,17:30,64.1,809.0,6.6
196740,17:45,60.2,821.0,7.2
196740,18:00,61.2,900.0,6.5
196740,18:15,67.2,634.0,4.2
196740,18:30,68.2,613.0,3.5
196740,18:45,68.2,617.0,3.8
196740,19:00,66.8,614.0,4.5
196740,19:15,64.0,833.0,6.7
196740,19:30,62.6,853.0,7.4
196740,19:45,59.8,846.0,7.8
196740,20:00,58.4,895.0,8.3
196740,20:15,57.8,920.0,7.9
196740,20:30,63.0,703.0,5.9
196740,20:45,62.4,678.0,5.2
196740,21:00,63.8,582.0,4.8
196740,21:15,62.8,709.0,5.9
196740,21:30,62.4,703.0,6.3
196740,21:45,66.0,504.0,3.7
196740,22:00,67.6,356.0,2.5
196740,22:15,66.0,416.0,2.7
196740,22:30,67.1,400.0,3.0
196740,22:45,66.6,269.0,1.5
196740,23:00,67.5,298.0,2.1
196740,23:15,67.7,323.0,2.4
196740,23:30,66.2,318.0,2.5
196740,23:45,66.5,283.0,3.0
196797,00:00,5.3,5.0,0.7
196797,00:15,20.0,16.0,1.0
196797,00:30,3.3,1.0,0.7
196797,00:45,26.0,8.0,1.0
196797,01:00,28.0,5.0,1.0
196797,01:15,19.7,10.0,1.0
196797,01:30,8.7,6.0,0.7
196797,01:45,7.0,4.0,1.0
196797,02:00,9.3,5.0,1.0
196797,02:15,2.0,1.0,1.0
196797,02:30,8.0,4.0,1.0
196797,02:45,8.0,5.0,1.0
196797,03:00,15.0,6.0,1.0
196797,03:15,6.7,5.0,1.0
196797,03:30,16.5,7.0,1.0
196797,03:45,24.7,1.0,1.0
196797,04:00,22.3,15.0,1.0
196797,04:15,0.0,0.0,0.7
196797,04:30,21.0,5.0,0.7
196797,04:45,29.3,18.0,1.0
196797,05:00,71.0,85.0,1.0
196797,05:15,40.5,27.0,1.0
196797,05:30,51.0,123.0,1.0
196797,05:45,24.0,72.0,1.0
196797,06:00,40.3,76.0,1.0
196797,06:15,58.3,138.0,1.0
196797,06:30,67.5,124.0,1.0
196797,06:45,44.3,97.0,1.0
196797,07:00,26.0,59.0,1.0
196797,07:15,40.3,99.0,1.0
196797,07:30,35.0,73.0,1.0
196797,07:45,75.7,268.0,1.0
196797,08:00,0.0,0.0,1.0
196797,08:15,66.7,164.0,1.0
196797,08:30,3.3,2.0,0.7
196797,08:45,43.0,98.0,1.0
196797,09:00,40.7,71.0,1.0
196797,09:15,25.3,44.0,0.7
196797,09:30,47.3,59.0,1.0
196797,09:45,58.5,16.0,1.0
196797,10:00,71.7,69.0,1.0
196797,10:15,19.0,12.0,0.7
196797,10:30,2.3,2.0,1.0
196797,10:45,0.0,0.0,1.0
196797,11:00,0.0,0.0,1.0
196797,11:15,0.0,0.0,1.0
196797,11:30,0.0,0.0,0.7
196797,11:45,0.0,0.0,1.0
196797,12:00,0.0,0.0,1.0
196797,12:15,0.0,0.0,1.0
196797,12:30,0.0,0.0,1.0
196797,12:45,0.0,0.0,1.0
196797,13:00,0.0,0.0,0.7
196797,13:15,0.0,0.0,0.7
196797,13:30,0.0,0.0,0.3
196797,13:45,0.0,0.0,1.0
196797,14:00,0.0,0.0,1.0
196797,14:15,0.0,0.0,1.0
196797,14:30,0.0,0.0,1.0
196797,14:45,0.0,0.0,1.0
196797,15:00,0.0,0.0,1.0
196797,15:15,0.0,0.0,1.0
196797,15:30,0.0,0.0,0.7
196797,15:45,0.0,0.0,1.0
196797,16:00,0.0,0.0,1.0
196797,16:15,0.0,0.0,1.0
196797,16:30,0.0,0.0,1.0
196797,16:45,0.0,0.0,0.7
196797,17:00,0.0,0.0,1.0
196797,17:15,0.0,0.0,1.0
196797,17:30,0.0,0.0,1.0
196797,17:45,0.0,0.0,1.0
196797,18:00,0.0,0.0,1.0
196797,18:15,0.0,0.0,0.7
196797,18:30,0.0,0.0,1.0
196797,18:45,0.0,0.0,1.0
196797,19:00,0.0,0.0,1.0
196797,19:15,0.0,0.0,1.0
196797,19:30,0.0,0.0,1.0
196797,19:45,0.0,0.0,1.0
196797,20:00,0.0,0.0,1.0
196797,20:15,0.0,0.0,1.0
196797,20:30,0.0,0.0,0.7
196797,20:45,0.0,0.0,1.0
196797,21:00,0.0,0.0,1.0
196797,21:15,0.0,0.0,1.0
196797,21:30,0.0,0.0,0.7
196797,21:45,0.0,0.0,0.7
196797,22:00,0.0,0.0,1.0
196797,22:15,0.0,0.0,1.0
196797,22:30,0.0,0.0,0.7
196797,22:45,0.0,0.0,1.0
196797,23:00,0.0,0.0,0.5
196797,23:15,0.0,0.0,1.0
196797,23:30,0.0,0.0,1.0
196797,23:45,0.0,0.0,0.7
197009,00:00,32.8,27.0,0.9
197009,00:15,43.4,27.0,0.8
197009,00:30,34.2,18.0,0.4
197009,00:45,43.1,21.0,0.6
197009,01:00,23.0,12.0,0.3
197009,01:15,17.2,7.0,0.1
197009,01:30,35.5,19.0,0.4
197009,01:45,31.2,17.0,0.6
197009,02:00,25.6,10.0,0.2
197009,02:15,28.2,13.0,0.3
197009,02:30,23.8,7.0,0.0
197009,02:45,27.1,10.0,0.1
197009,03:00,12.8,4.0,0.0
197009,03:15,13.5,6.0,0.2
197009,03:30,16.2,8.0,0.2
197009,03:45,21.8,13.0,0.5
197009,04:00,15.1,4.0,0.0
197009,04:15,26.8,15.0,0.3
197009,04:30,24.2,15.0,0.5
197009,04:45,22.9,15.0,0.5
197009,05:00,34.3,31.0,1.2
197009,05:15,37.6,45.0,1.9
197009,05:30,35.8,30.0,1.4
197009,05:45,43.2,47.0,1.8
197009,06:00,32.4,50.0,3.0
197009,06:15,35.5,41.0,1.7
197009,06:30,41.9,79.0,4.0
197009,06:45,35.8,66.0,2.9
197009,07:00,42.0,69.0,3.5
197009,07:15,42.5,78.0,4.3
197009,07:30,41.9,92.0,3.8
197009,07:45,36.8,97.0,5.1
197009,08:00,40.8,114.0,5.1
197009,08:15,38.8,72.0,3.2
197009,08:30,44.2,95.0,3.7
197009,08:45,40.4,104.0,5.8
197009,09:00,42.2,93.0,4.4
197009,09:15,41.2,71.0,3.2
197009,09:30,42.0,97.0,4.1
197009,09:45,41.9,81.0,3.3
197009,10:00,41.2,86.0,3.4
197009,10:15,41.7,82.0,3.3
197009,10:30,39.3,85.0,3.3
197009,10:45,40.9,63.0,2.8
197009,11:00,43.8,62.0,2.2
197009,11:15,42.5,69.0,2.7
197009,11:30,41.3,94.0,3.9
197009,11:45,40.5,108.0,5.3
197009,12:00,41.2,92.0,3.8
197009,12:15,41.2,87.0,4.0
197009,12:30,41.0,110.0,4.7
197009,12:45,41.6,119.0,4.7
197009,13:00,42.2,87.0,3.9
197009,13:15,42.4,97.0,3.6
197009,13:30,40.2,110.0,5.1
197009,13:45,41.1,124.0,5.2
197009,14:00,38.6,106.0,5.1
197009,14:15,40.3,134.0,5.4
197009,14:30,39.8,157.0,6.6
197009,14:45,40.5,104.0,4.6
197009,15:00,39.8,107.0,4.6
197009,15:15,39.4,112.0,5.1
197009,15:30,38.8,120.0,5.5
197009,15:45,40.1,133.0,6.6
197009,16:00,40.0,113.0,4.6
197009,16:15,38.7,121.0,5.9
197009,16:30,39.8,129.0,5.5
197009,16:45,36.8,111.0,5.2
197009,17:00,38.9,116.0,4.8
197009,17:15,39.2,136.0,7.2
197009,17:30,37.8,115.0,5.5
197009,17:45,38.5,148.0,6.4
197009,18:00,39.9,111.0,4.6
197009,18:15,40.5,118.0,5.2
197009,18:30,38.9,90.0,3.6
197009,18:45,38.8,94.0,3.9
197009,19:00,40.7,86.0,3.2
197009,19:15,43.8,74.0,2.8
197009,19:30,43.7,82.0,2.7
197009,19:45,43.6,83.0,3.3
197009,20:00,42.9,71.0,2.8
197009,20:15,42.8,55.0,2.2
197009,20:30,40.5,77.0,2.9
197009,20:45,43.3,55.0,2.1
197009,21:00,41.2,80.0,3.3
197009,21:15,41.8,75.0,3.3
197009,21:30,39.4,70.0,2.8
197009,21:45,40.0,72.0,2.8
197009,22:00,42.0,57.0,2.2
197009,22:15,42.2,71.0,2.5
197009,22:30,41.0,56.0,2.3
197009,22:45,36.9,47.0,1.8
197009,23:00,41.7,45.0,1.4
197009,23:15,39.0,42.0,1.4
197009,23:30,34.8,26.0,1.0
197009,23:45,40.9,35.0,1.0
197024,00:00,31.5,55.0,0.5
197024,00:15,34.1,48.0,0.4
197024,00:30,34.8,56.0,0.5
197024,00:45,25.9,48.0,0.6
197024,01:00,24.5,32.0,0.2
197024,01:15,19.6,25.0,0.2
197024,01:30,30.8,38.0,0.3
197024,01:45,23.9,27.0,0.2
197024,02:00,21.4,27.0,0.2
197024,02:15,15.0,15.0,0.2
197024,02:30,24.8,31.0,0.2
197024,02:45,29.7,41.0,0.5
197024,03:00,20.5,28.0,0.3
197024,03:15,26.1,45.0,0.5
197024,03:30,27.8,63.0,0.9
197024,03:45,33.3,58.0,0.7
197024,04:00,33.9,85.0,1.2
197024,04:15,32.8,120.0,1.8
197024,04:30,36.7,138.0,2.1
197024,04:45,35.7,183.0,3.1
197024,05:00,36.2,175.0,3.4
197024,05:15,38.8,256.0,5.3
197024,05:30,37.0,245.0,5.8
197024,05:45,36.6,287.0,6.8
197024,06:00,38.0,272.0,8.4
197024,06:15,37.8,316.0,7.8
197024,06:30,39.1,308.0,6.6
197024,06:45,38.1,374.0,8.9
197024,07:00,39.6,315.0,8.1
197024,07:15,32.6,333.0,10.1
197024,07:30,35.2,340.0,11.3
197024,07:45,35.8,282.0,9.7
197024,08:00,35.7,287.0,8.7
197024,08:15,35.6,269.0,7.4
197024,08:30,38.0,311.0,6.4
197024,08:45,37.5,271.0,10.0
197024,09:00,37.9,330.0,6.9
197024,09:15,36.1,300.0,6.3
197024,09:30,39.1,373.0,7.1
197024,09:45,39.8,284.0,5.2
197024,10:00,38.5,282.0,4.8
197024,10:15,37.9,270.0,5.4
197024,10:30,40.4,362.0,6.1
197024,10:45,37.6,284.0,5.8
197024,11:00,40.3,343.0,6.1
197024,11:15,39.2,306.0,6.7
197024,11:30,40.4,363.0,6.2
197024,11:45,38.7,332.0,6.2
197024,12:00,39.2,368.0,6.7
197024,12:15,39.5,364.0,7.0
197024,12:30,38.9,361.0,6.5
197024,12:45,39.2,385.0,6.9
197024,13:00,38.3,313.0,7.5
197024,13:15,39.6,314.0,5.3
197024,13:30,38.6,379.0,7.3
197024,13:45,39.6,367.0,6.5
197024,14:00,37.9,347.0,6.6
197024,14:15,39.0,310.0,5.6
197024,14:30,38.0,378.0,7.1
197024,14:45,37.8,398.0,8.3
197024,15:00,31.1,328.0,13.4
197024,15:15,30.3,334.0,19.9
197024,15:30,29.5,358.0,21.3
197024,15:45,32.3,346.0,13.1
197024,16:00,31.4,394.0,16.6
197024,16:15,30.3,377.0,16.4
197024,16:30,28.4,418.0,19.4
197024,16:45,27.0,383.0,25.6
197024,17:00,28.7,420.0,25.0
197024,17:15,30.2,414.0,21.8
197024,17:30,30.3,369.0,16.2
197024,17:45,27.4,411.0,21.5
197024,18:00,27.5,290.0,18.3
197024,18:15,26.1,349.0,19.4
197024,18:30,28.9,277.0,22.7
197024,18:45,33.0,316.0,12.9
197024,19:00,32.0,368.0,16.4
197024,19:15,36.0,360.0,10.3
197024,19:30,34.7,334.0,9.9
197024,19:45,39.1,297.0,5.6
197024,20:00,41.4,342.0,5.6
197024,20:15,40.3,328.0,5.5
197024,20:30,37.9,290.0,5.6
197024,20:45,41.2,274.0,4.3
197024,21:00,39.3,273.0,5.0
197024,21:15,40.2,240.0,3.9
197024,21:30,40.2,199.0,3.5
197024,21:45,37.8,183.0,2.6
197024,22:00,38.1,139.0,3.0
197024,22:15,36.7,146.0,2.2
197024,22:30,39.3,119.0,1.8
197024,22:45,35.7,108.0,1.6
197024,23:00,34.6,81.0,1.3
197024,23:15,36.4,76.0,0.9
197024,23:30,37.7,70.0,0.9
197024,23:45,29.3,65.0,0.9
197063,00:00,7.1,1.0,0.1
197063,00:15,7.9,1.0,0.1
197063,00:30,7.1,1.0,0.1
197063,00:45,0.0,0.0,0.0
197063,01:00,0.0,0.0,0.0
197063,01:15,0.0,0.0,0.0
197063,01:30,13.8,2.0,0.2
197063,01:45,23.6,5.0,0.4
197063,02:00,6.9,2.0,0.1
197063,02:15,7.6,1.0,0.1
197063,02:30,0.0,0.0,0.0
197063,02:45,7.4,1.0,0.1
197063,03:00,6.2,1.0,0.1
197063,03:15,0.0,0.0,0.0
197063,03:30,5.9,1.0,0.1
197063,03:45,0.0,0.0,0.0
197063,04:00,17.4,3.0,0.4
197063,04:15,12.9,3.0,0.3
197063,04:30,11.4,2.0,0.2
197063,04:45,19.3,3.0,0.6
197063,05:00,36.5,7.0,1.0
197063,05:15,30.3,5.0,0.6
197063,05:30,13.5,2.0,0.2
197063,05:45,36.9,5.0,0.7
197063,06:00,18.1,3.0,0.4
197063,06:15,14.0,2.0,0.3
197063,06:30,18.9,7.0,0.5
197063,06:45,39.4,10.0,0.7
197063,07:00,46.6,10.0,0.9
197063,07:15,21.9,6.0,0.4
197063,07:30,26.9,9.0,0.5
197063,07:45,44.4,21.0,2.9
197063,08:00,42.2,10.0,0.8
197063,08:15,28.4,7.0,0.6
197063,08:30,36.8,9.0,0.8
197063,08:45,37.4,16.0,1.1
197063,09:00,18.9,8.0,0.5
197063,09:15,43.3,9.0,0.9
197063,09:30,44.9,10.0,1.0
197063,09:45,29.7,6.0,0.6
197063,10:00,32.9,7.0,0.6
197063,10:15,30.1,5.0,0.6
197063,10:30,32.2,5.0,0.6
197063,10:45,13.1,2.0,0.3
197063,11:00,11.2,3.0,0.2
197063,11:15,34.4,11.0,1.0
197063,11:30,36.4,9.0,0.8
197063,11:45,43.4,14.0,0.8
197063,12:00,38.3,8.0,0.8
197063,12:15,41.5,14.0,0.8
197063,12:30,41.0,14.0,0.9
197063,12:45,37.2,31.0,3.1
197063,13:00,41.9,10.0,0.9
197063,13:15,30.0,9.0,1.5
197063,13:30,49.3,13.0,1.1
197063,13:45,45.5,10.0,0.9
197063,14:00,39.1,8.0,0.7
197063,14:15,51.9,22.0,1.4
197063,14:30,52.9,14.0,1.0
197063,14:45,33.1,12.0,1.1
197063,15:00,47.6,26.0,2.3
197063,15:15,39.2,24.0,1.6
197063,15:30,47.3,26.0,2.0
197063,15:45,45.5,22.0,1.5
197063,16:00,35.9,16.0,1.1
197063,16:15,37.1,31.0,2.9
197063,16:30,44.0,20.0,1.7
197063,16:45,39.3,25.0,1.6
197063,17:00,42.7,30.0,2.9
197063,17:15,34.8,21.0,2.5
197063,17:30,47.5,31.0,1.3
197063,17:45,53.3,19.0,1.1
197063,18:00,47.4,18.0,1.0
197063,18:15,43.3,21.0,1.4
197063,18:30,39.5,22.0,2.1
197063,18:45,28.6,9.0,0.7
197063,19:00,35.6,15.0,1.5
197063,19:15,42.6,15.0,1.1
197063,19:30,48.4,13.0,0.9
197063,19:45,46.7,12.0,0.9
197063,20:00,33.1,13.0,1.5
197063,20:15,27.6,11.0,0.6
197063,20:30,34.6,7.0,0.6
197063,20:45,31.1,6.0,0.6
197063,21:00,20.9,6.0,0.4
197063,21:15,37.9,7.0,0.9
197063,21:30,27.0,8.0,0.5
197063,21:45,25.0,5.0,0.7
197063,22:00,33.5,8.0,1.0
197063,22:15,15.3,2.0,0.3
197063,22:30,14.5,6.0,0.5
197063,22:45,16.3,2.0,0.3
197063,23:00,0.0,0.0,0.0
197063,23:15,16.6,2.0,0.3
197063,23:30,14.1,2.0,0.2
197063,23:45,13.5,2.0,0.2
197088,00:00,33.1,22.0,0.6
197088,00:15,36.2,18.0,0.7
197088,00:30,36.8,13.0,0.2
197088,00:45,21.8,10.0,0.2
197088,01:00,27.4,12.0,0.3
197088,01:15,26.8,13.0,0.3
197088,01:30,26.2,9.0,0.2
197088,01:45,12.9,6.0,0.2
197088,02:00,22.3,10.0,0.4
197088,02:15,18.1,6.0,0.1
197088,02:30,10.4,4.0,0.1
197088,02:45,13.9,6.0,0.2
197088,03:00,25.1,8.0,0.2
197088,03:15,32.6,13.0,0.2
197088,03:30,28.5,14.0,0.4
197088,03:45,32.2,19.0,0.5
197088,04:00,37.7,22.0,0.5
197088,04:15,35.9,28.0,1.0
197088,04:30,45.4,39.0,1.3
197088,04:45,33.5,34.0,1.5
197088,05:00,41.3,55.0,2.4
197088,05:15,42.2,56.0,2.5
197088,05:30,41.5,50.0,2.2
197088,05:45,40.0,59.0,3.0
197088,06:00,39.3,67.0,3.6
197088,06:15,36.2,61.0,4.2
197088,06:30,32.7,67.0,4.8
197088,06:45,34.8,84.0,5.4
197088,07:00,38.8,78.0,4.2
197088,07:15,36.5,95.0,6.2
197088,07:30,34.5,111.0,7.3
197088,07:45,37.6,140.0,8.7
197088,08:00,39.6,121.0,6.2
197088,08:15,35.0,131.0,7.7
197088,08:30,37.7,122.0,7.4
197088,08:45,42.2,116.0,5.9
197088,09:00,40.7,120.0,6.6
197088,09:15,43.2,103.0,4.5
197088,09:30,42.6,102.0,4.6
197088,09:45,43.8,116.0,5.6
197088,10:00,42.4,122.0,5.7
197088,10:15,43.3,113.0,5.5
197088,10:30,42.3,120.0,5.6
197088,10:45,40.2,111.0,6.2
197088,11:00,42.7,116.0,5.2
197088,11:15,41.2,86.0,4.2
197088,11:30,42.3,100.0,4.5
197088,11:45,42.2,113.0,5.5
197088,12:00,42.6,131.0,6.0
197088,12:15,41.9,102.0,5.2
197088,12:30,34.8,101.0,6.1
197088,12:45,28.9,81.0,10.3
197088,13:00,22.8,72.0,10.2
197088,13:15,33.8,81.0,11.2
197088,13:30,39.4,86.0,4.5
197088,13:45,37.7,94.0,5.3
197088,14:00,32.9,83.0,5.5
197088,14:15,29.1,112.0,11.8
197088,14:30,33.8,96.0,6.6
197088,14:45,32.3,103.0,9.2
197088,15:00,31.8,101.0,10.5
197088,15:15,35.8,102.0,6.2
197088,15:30,39.2,115.0,6.4
197088,15:45,39.8,125.0,6.2
197088,16:00,40.9,114.0,5.8
197088,16:15,40.2,147.0,7.5
197088,16:30,41.1,126.0,6.3
197088,16:45,41.5,141.0,6.4
197088,17:00,41.6,130.0,6.5
197088,17:15,41.5,133.0,6.4
197088,17:30,41.4,143.0,6.7
197088,17:45,42.1,125.0,6.6
197088,18:00,44.8,81.0,3.3
197088,18:15,42.3,90.0,4.1
197088,18:30,43.9,75.0,3.2
197088,18:45,44.7,90.0,3.8
197088,19:00,43.5,77.0,3.6
197088,19:15,42.5,99.0,4.5
197088,19:30,42.5,100.0,5.2
197088,19:45,42.1,102.0,5.1
197088,20:00,41.2,86.0,3.8
197088,20:15,41.1,76.0,3.3
197088,20:30,40.3,74.0,3.6
197088,20:45,43.2,67.0,2.7
197088,21:00,42.0,72.0,3.4
197088,21:15,42.3,68.0,2.8
197088,21:30,40.4,65.0,3.1
197088,21:45,42.8,45.0,1.9
197088,22:00,42.1,43.0,1.9
197088,22:15,43.6,42.0,1.6
197088,22:30,43.2,44.0,1.8
197088,22:45,38.8,29.0,0.8
197088,23:00,39.3,31.0,1.2
197088,23:15,41.8,40.0,1.5
197088,23:30,33.9,28.0,1.0
197088,23:45,43.1,28.0,0.9
197213,00:00,43.1,68.0,3.3
197213,00:15,44.7,39.0,1.5
197213,00:30,39.8,44.0,2.0
197213,00:45,40.7,38.0,1.6
197213,01:00,40.6,26.0,0.9
197213,01:15,40.3,26.0,0.8
197213,01:30,28.3,22.0,0.9
197213,01:45,34.4,24.0,0.8
197213,02:00,35.7,16.0,0.5
197213,02:15,25.5,17.0,0.6
197213,02:30,21.8,11.0,0.3
197213,02:45,22.8,11.0,0.3
197213,03:00,29.8,13.0,0.2
197213,03:15,25.7,12.0,0.2
197213,03:30,24.8,11.0,0.6
197213,03:45,26.1,15.0,0.5
197213,04:00,26.5,13.0,0.4
197213,04:15,25.8,11.0,0.3
197213,04:30,27.6,12.0,0.2
197213,04:45,32.2,16.0,0.5
197213,05:00,34.2,17.0,0.7
197213,05:15,37.0,25.0,1.4
197213,05:30,35.2,27.0,1.2
197213,05:45,45.6,26.0,1.4
197213,06:00,36.2,37.0,1.8
197213,06:15,44.5,37.0,2.0
197213,06:30,44.8,60.0,3.5
197213,06:45,44.8,53.0,2.5
197213,07:00,43.7,53.0,2.5
197213,07:15,43.4,55.0,2.7
197213,07:30,45.0,63.0,2.8
197213,07:45,44.7,88.0,4.5
197213,08:00,44.9,90.0,4.2
197213,08:15,43.7,78.0,4.2
197213,08:30,43.8,91.0,4.5
197213,08:45,43.6,68.0,3.9
197213,09:00,44.8,82.0,3.8
197213,09:15,43.8,82.0,4.6
197213,09:30,44.6,80.0,4.0
197213,09:45,43.6,76.0,3.8
197213,10:00,44.7,94.0,4.3
197213,10:15,44.3,71.0,3.5
197213,10:30,43.6,141.0,7.1
197213,10:45,41.8,73.0,8.3
197213,18:15,39.0,55.0,13.0
197213,18:30,40.2,81.0,11.6
197213,18:45,40.0,69.0,12.2
197213,19:15,42.0,87.0,8.3
197213,19:30,45.1,138.0,7.2
197213,19:45,44.6,132.0,6.9
197213,20:00,42.9,143.0,7.2
197213,20:15,44.5,139.0,6.3
197213,20:30,42.9,138.0,7.2
197213,20:45,43.8,98.0,4.7
197213,21:00,43.6,117.0,6.2
197213,21:15,41.7,117.0,6.1
197213,21:30,43.1,95.0,4.8
197213,21:45,42.5,102.0,5.0
197213,22:00,42.4,75.0,3.7
197213,22:15,43.2,110.0,5.3
197213,22:30,41.8,85.0,4.8
197213,22:45,41.8,96.0,5.2
197213,23:00,43.6,75.0,3.8
197213,23:15,42.2,68.0,3.1
197213,23:30,42.2,48.0,2.2
197213,23:45,43.8,62.0,2.9
197309,00:00,37.4,18.0,0.3
197309,00:15,24.5,17.0,0.5
197309,00:30,30.1,13.0,0.3
197309,00:45,37.5,21.0,0.5
197309,01:00,35.2,11.0,0.2
197309,01:15,18.7,7.0,0.2
197309,01:30,34.0,11.0,0.2
197309,01:45,30.7,12.0,0.2
197309,02:00,23.6,7.0,0.0
197309,02:15,29.7,10.0,0.2
197309,02:30,33.8,13.0,0.2
197309,02:45,35.8,18.0,0.5
197309,03:00,33.4,22.0,0.6
197309,03:15,50.8,27.0,0.6
197309,03:30,49.2,55.0,2.1
197309,03:45,50.8,51.0,1.8
197309,04:00,52.6,63.0,1.8
197309,04:15,51.7,95.0,3.7
197309,04:30,49.9,121.0,4.5
197309,04:45,49.9,149.0,6.2
197309,05:00,49.2,176.0,6.8
197309,05:15,45.6,233.0,10.5
197309,05:30,45.1,260.0,11.8
197309,05:45,42.0,241.0,13.8
197309,06:00,36.3,261.0,18.6
197309,06:15,21.0,258.0,40.1
197309,06:30,19.7,257.0,38.8
197309,06:45,21.6,281.0,36.9
197309,07:00,27.5,261.0,27.1
197309,07:15,27.0,242.0,29.9
197309,07:30,14.9,253.0,43.1
197309,07:45,27.0,256.0,30.2
197309,08:00,38.9,227.0,17.2
197309,08:15,25.2,291.0,36.5
197309,08:30,31.2,231.0,23.1
197309,08:45,45.2,218.0,11.7
197309,09:00,49.5,188.0,8.8
197309,09:15,49.2,230.0,9.4
197309,09:30,48.0,192.0,8.0
197309,09:45,49.2,186.0,8.2
197309,10:00,50.2,176.0,6.8
197309,10:15,49.2,172.0,7.3
197309,10:30,48.6,210.0,8.2
197309,10:45,48.4,167.0,7.5
197309,11:00,47.5,185.0,7.4
197309,11:15,49.9,179.0,7.6
197309,11:30,48.7,171.0,6.8
197309,11:45,49.3,158.0,6.8
197309,12:00,49.5,178.0,7.2
197309,12:15,48.1,191.0,8.7
197309,12:30,24.3,185.0,37.0
197309,12:45,8.2,128.0,53.6
197309,13:00,7.0,117.0,63.4
197309,13:15,20.8,186.0,46.6
197309,13:30,44.2,220.0,14.3
197309,13:45,38.4,216.0,21.8
197309,14:00,24.9,188.0,37.2
197309,14:15,11.2,131.0,57.2
197309,14:30,18.5,162.0,37.4
197309,14:45,18.5,211.0,39.5
197309,15:00,14.5,167.0,48.8
197309,15:15,30.1,209.0,23.5
197309,15:30,42.5,187.0,13.0
197309,15:45,45.5,197.0,10.5
197309,16:00,46.8,192.0,10.5
197309,16:15,44.6,201.0,11.3
197309,16:30,48.3,160.0,7.8
197309,16:45,53.2,161.0,6.0
197309,17:00,48.7,201.0,9.1
197309,17:15,52.5,169.0,6.2
197309,17:30,47.5,158.0,6.2
197309,17:45,49.8,157.0,6.7
197309,18:00,45.8,160.0,6.2
197309,18:15,54.7,116.0,4.2
197309,18:30,48.4,140.0,5.2
197309,18:45,46.9,113.0,4.1
197309,19:00,48.8,108.0,4.2
197309,19:15,52.2,146.0,5.2
197309,19:30,51.4,148.0,5.8
197309,19:45,49.7,150.0,6.8
197309,20:00,50.5,163.0,7.0
197309,20:15,45.3,150.0,5.7
197309,20:30,50.7,95.0,3.4
197309,20:45,49.1,89.0,3.2
197309,21:00,49.8,89.0,3.3
197309,21:15,47.5,106.0,3.7
197309,21:30,52.2,60.0,2.0
197309,21:45,51.7,65.0,2.1
197309,22:00,54.7,62.0,2.2
197309,22:15,48.6,49.0,1.3
197309,22:30,42.4,40.0,1.2
197309,22:45,48.4,39.0,0.9
197309,23:00,50.4,37.0,1.1
197309,23:15,35.8,22.0,0.5
197309,23:30,42.8,34.0,1.0
197309,23:45,44.6,32.0,1.0
197362,00:00,8.8,2.0,0.0
197362,00:15,13.3,3.0,0.0
197362,00:30,5.6,1.0,0.0
197362,00:45,4.8,1.0,0.0
197362,01:00,12.8,4.0,0.0
197362,01:15,2.5,1.0,0.0
197362,01:30,11.8,4.0,0.2
197362,01:45,6.0,2.0,0.0
197362,02:00,15.2,6.0,0.2
197362,02:15,4.3,1.0,0.0
197362,02:30,7.5,2.0,0.0
197362,02:45,10.9,3.0,0.1
197362,03:00,10.5,4.0,0.1
197362,03:15,17.3,6.0,0.2
197362,03:30,33.5,11.0,0.2
197362,03:45,29.8,14.0,0.4
197362,04:00,34.0,13.0,0.2
197362,04:15,29.3,19.0,0.7
197362,04:30,48.5,25.0,0.9
197362,04:45,44.5,39.0,1.8
197362,05:00,46.2,44.0,1.9
197362,05:15,47.4,47.0,2.2
197362,05:30,48.3,65.0,3.4
197362,05:45,46.5,69.0,3.5
197362,06:00,44.3,85.0,4.9
197362,06:15,44.8,100.0,5.2
197362,06:30,42.2,58.0,3.1
197362,06:45,46.2,97.0,5.2
197362,07:00,45.2,60.0,3.2
197362,07:15,46.2,67.0,3.2
197362,07:30,37.1,53.0,2.8
197362,07:45,46.6,62.0,3.1
197362,08:00,32.9,38.0,2.0
197362,08:15,48.2,41.0,2.1
197362,08:30,45.9,41.0,1.8
197362,08:45,38.6,30.0,1.3
197362,09:00,36.5,26.0,1.1
197362,09:15,44.2,30.0,1.4
197362,09:30,38.0,37.0,1.6
197362,09:45,40.4,26.0,1.2
197362,10:00,32.9,15.0,0.3
197362,10:15,51.2,41.0,2.0
197362,10:30,34.1,18.0,0.9
197362,10:45,42.6,20.0,0.7
197362,11:00,41.0,23.0,0.8
197362,11:15,47.8,29.0,1.1
197362,11:30,45.0,31.0,1.4
197362,11:45,42.5,16.0,0.3
197362,12:00,49.5,21.0,0.8
197362,12:15,37.7,14.0,0.4
197362,12:30,39.8,22.0,0.8
197362,12:45,45.5,28.0,1.1
197362,13:00,45.3,60.0,3.1
197362,13:15,52.5,47.0,1.8
197362,13:30,41.9,31.0,1.2
197362,13:45,33.8,32.0,1.6
197362,14:00,33.6,30.0,1.3
197362,14:15,44.8,36.0,1.8
197362,14:30,40.0,51.0,2.5
197362,14:45,43.2,32.0,1.4
197362,15:00,42.2,33.0,1.5
197362,15:15,45.0,24.0,1.0
197362,15:30,40.8,30.0,1.3
197362,15:45,39.4,18.0,0.6
197362,16:00,33.6,22.0,0.8
197362,16:15,39.2,23.0,1.0
197362,16:30,30.4,15.0,0.4
197362,16:45,27.0,15.0,0.5
197362,17:00,30.6,15.0,0.5
197362,17:15,30.2,24.0,1.2
197362,17:30,25.4,15.0,0.7
197362,17:45,34.3,14.0,0.5
197362,18:00,46.1,25.0,0.8
197362,18:15,32.3,19.0,0.6
197362,18:30,40.2,23.0,0.8
197362,18:45,32.2,18.0,0.7
197362,19:00,28.4,21.0,1.0
197362,19:15,41.2,20.0,0.5
197362,19:30,30.5,11.0,0.2
197362,19:45,33.2,16.0,0.7
197362,20:00,37.2,17.0,0.5
197362,20:15,20.2,9.0,0.2
197362,20:30,26.6,13.0,0.4
197362,20:45,25.1,11.0,0.4
197362,21:00,49.7,16.0,0.3
197362,21:15,35.2,18.0,0.6
197362,21:30,29.2,14.0,0.4
197362,21:45,19.3,6.0,0.1
197362,22:00,23.7,6.0,0.1
197362,22:15,6.6,4.0,0.2
197362,22:30,25.6,9.0,0.2
197362,22:45,27.6,9.0,0.2
197362,23:00,14.3,3.0,0.0
197362,23:15,17.2,6.0,0.2
197362,23:30,17.0,4.0,0.0
197362,23:45,12.6,3.0,0.0
197584,00:00,65.6,273.0,4.5
197584,00:15,68.4,206.0,3.9
197584,00:30,67.6,214.0,3.6
197584,00:45,67.8,178.0,3.0
197584,01:00,67.4,148.0,2.3
197584,01:15,67.8,127.0,2.5
197584,01:30,64.2,138.0,2.6
197584,01:45,67.7,126.0,2.5
197584,02:00,63.0,120.0,2.5
197584,02:15,67.1,111.0,2.1
197584,02:30,54.3,115.0,1.8
197584,02:45,66.5,132.0,3.5
197584,03:00,62.3,101.0,1.9
197584,03:15,61.4,92.0,2.0
197584,03:30,59.3,124.0,2.8
197584,03:45,67.8,111.0,2.7
197584,04:00,63.2,133.0,2.6
197584,04:15,64.3,144.0,3.4
197584,04:30,64.8,207.0,3.3
197584,04:45,65.1,188.0,4.0
197584,05:00,65.6,257.0,4.2
197584,05:15,64.0,232.0,4.6
197584,05:30,63.5,354.0,6.6
197584,05:45,63.5,295.0,6.0
197584,06:00,66.4,320.0,5.2
197584,06:15,65.5,343.0,6.4
197584,06:30,63.8,458.0,7.5
197584,06:45,64.8,425.0,7.9
197584,07:00,65.2,468.0,7.4
197584,07:15,63.9,472.0,8.4
197584,07:30,61.6,572.0,10.2
197584,07:45,63.3,521.0,9.8
197584,08:00,64.1,522.0,8.2
197584,08:15,63.1,479.0,8.7
197584,08:30,64.0,512.0,7.8
197584,08:45,63.0,441.0,8.9
197584,09:00,63.5,513.0,8.7
197584,09:15,63.9,432.0,8.1
197584,09:30,63.2,531.0,9.2
197584,09:45,62.0,531.0,11.0
197584,10:00,63.8,590.0,10.1
197584,10:15,63.5,487.0,9.3
197584,10:30,37.0,481.0,24.0
197584,10:45,24.4,369.0,28.0
197584,11:00,21.1,405.0,28.1
197584,11:15,30.5,486.0,23.8
197584,11:30,60.3,481.0,8.7
197584,11:45,63.1,654.0,8.3
197584,12:00,62.5,568.0,9.3
197584,12:15,61.2,716.0,9.7
197584,12:30,62.3,575.0,9.1
197584,12:45,63.6,551.0,9.9
197584,13:00,61.8,454.0,9.9
197584,13:15,63.2,544.0,9.7
197584,13:30,60.8,460.0,9.5
197584,13:45,60.8,528.0,9.9
197584,14:00,63.8,502.0,9.5
197584,14:15,58.2,600.0,12.5
197584,14:30,58.0,550.0,11.4
197584,14:45,43.9,618.0,18.5
197584,15:00,32.9,516.0,22.8
197584,15:15,33.6,553.0,23.3
197584,15:30,30.5,501.0,22.4
197584,15:45,30.6,546.0,22.2
197584,16:00,32.4,480.0,22.0
197584,16:15,30.0,535.0,23.8
197584,16:30,29.9,446.0,25.5
197584,16:45,27.6,589.0,26.3
197584,17:00,29.6,497.0,23.0
197584,17:15,37.0,521.0,19.2
197584,17:30,63.6,685.0,8.0
197584,17:45,62.9,415.0,8.5
197584,18:00,58.5,527.0,11.0
197584,18:15,27.3,437.0,28.8
197584,18:30,26.2,466.0,26.3
197584,18:45,24.9,375.0,27.6
197584,19:00,26.5,496.0,27.0
197584,19:15,45.2,416.0,15.3
197584,19:30,63.8,486.0,8.8
197584,19:45,63.2,406.0,9.0
197584,20:00,62.0,470.0,11.1
197584,20:15,61.7,478.0,12.5
197584,20:30,60.9,492.0,10.2
197584,20:45,62.0,378.0,8.5
197584,21:00,60.9,363.0,7.0
197584,21:15,62.6,403.0,8.0
197584,21:30,64.0,372.0,6.7
197584,21:45,62.6,312.0,6.9
197584,22:00,63.2,336.0,7.2
197584,22:15,63.2,261.0,5.5
197584,22:30,62.9,224.0,4.9
197584,22:45,65.7,198.0,4.6
197584,23:00,66.0,207.0,3.8
197584,23:15,64.0,184.0,4.7
197584,23:30,65.6,246.0,5.0
197584,23:45,65.8,171.0,3.4
223305,00:00,49.8,25.0,0.5
223305,00:15,51.5,25.0,0.4
223305,00:30,52.2,21.0,0.8
223305,00:45,51.4,18.0,0.2
223305,01:00,49.0,16.0,0.7
223305,01:15,50.9,16.0,0.6
223305,01:30,53.5,17.0,0.3
223305,01:45,52.0,20.0,0.4
223305,02:00,54.0,10.0,0.1
223305,02:15,57.3,19.0,0.8
223305,02:30,49.3,12.0,0.4
223305,02:45,58.2,18.0,0.4
223305,03:00,55.7,23.0,0.6
223305,03:15,52.3,28.0,0.6
223305,03:30,53.8,25.0,0.6
223305,03:45,52.7,55.0,1.6
223305,04:00,53.8,86.0,2.4
223305,04:15,52.2,120.0,4.2
223305,04:30,52.8,137.0,4.3
223305,04:45,51.7,141.0,5.2
223305,05:00,51.0,191.0,6.2
223305,05:15,49.1,186.0,7.2
223305,05:30,48.1,183.0,6.8
223305,05:45,49.6,146.0,5.8
223305,06:00,48.7,167.0,5.9
223305,06:15,49.3,128.0,4.6
223305,06:30,49.7,140.0,5.2
223305,06:45,48.5,141.0,5.3
223305,07:00,48.3,137.0,5.3
223305,07:15,47.0,122.0,5.3
223305,07:30,49.2,150.0,5.3
223305,07:45,49.5,146.0,6.0
223305,08:00,50.0,171.0,6.0
223305,08:15,50.2,150.0,5.2
223305,08:30,49.5,143.0,5.0
223305,08:45,50.8,137.0,5.1
223305,09:00,52.0,133.0,4.5
223305,09:15,52.3,137.0,4.8
223305,09:30,52.2,119.0,3.8
223305,09:45,53.2,124.0,3.8
223305,10:00,53.6,120.0,3.7
223305,10:15,52.2,80.0,2.8
223305,10:30,53.4,105.0,3.5
223305,10:45,51.9,99.0,3.7
223305,11:00,52.3,118.0,4.1
223305,11:15,52.3,102.0,3.6
223305,11:30,51.4,94.0,2.9
223305,11:45,51.5,119.0,4.0
223305,12:00,52.1,111.0,3.2
223305,12:15,52.2,120.0,4.5
223305,12:30,51.8,73.0,2.2
223305,12:45,53.6,52.0,1.3
223305,13:00,50.9,48.0,1.3
223305,13:15,52.2,46.0,1.2
223305,13:30,49.2,59.0,1.8
223305,13:45,50.2,71.0,1.9
223305,14:00,51.5,81.0,2.3
223305,14:15,51.8,83.0,2.4
223305,14:30,51.1,71.0,2.0
223305,14:45,51.2,71.0,2.4
223305,15:00,51.8,79.0,2.5
223305,15:15,49.4,92.0,3.2
223305,15:30,49.8,119.0,3.8
223305,15:45,50.0,108.0,4.3
223305,16:00,48.5,138.0,5.1
223305,16:15,48.8,133.0,5.3
223305,16:30,51.1,131.0,4.2
223305,16:45,50.2,161.0,6.1
223305,17:00,50.3,140.0,4.8
223305,17:15,52.2,156.0,5.5
223305,17:30,51.6,120.0,4.6
223305,17:45,52.1,111.0,3.8
223305,18:00,50.2,101.0,3.4
223305,18:15,54.8,76.0,2.2
223305,18:30,52.1,87.0,2.5
223305,18:45,53.2,105.0,2.8
223305,19:00,53.2,82.0,2.3
223305,19:15,52.6,102.0,2.5
223305,19:30,51.8,80.0,2.4
223305,19:45,49.2,73.0,2.4
223305,20:00,48.7,81.0,2.7
223305,20:15,48.2,118.0,3.8
223305,20:30,51.0,78.0,2.4
223305,20:45,50.1,87.0,2.7
223305,21:00,50.8,54.0,1.6
223305,21:15,49.9,100.0,2.8
223305,21:30,50.4,91.0,2.8
223305,21:45,52.5,53.0,1.2
223305,22:00,52.4,38.0,0.9
223305,22:15,52.2,56.0,1.3
223305,22:30,50.5,43.0,1.1
223305,22:45,52.8,35.0,0.8
223305,23:00,51.6,33.0,0.7
223305,23:15,54.9,44.0,1.1
223305,23:30,53.5,33.0,1.0
223305,23:45,53.6,19.0,0.4
237232,00:00,0.0,0.0,0.0
237232,00:15,0.0,0.0,0.0
237232,00:30,0.0,0.0,0.0
237232,00:45,0.0,0.0,0.0
237232,01:00,0.0,0.0,0.0
237232,01:15,0.0,0.0,0.0
237232,01:30,0.0,0.0,0.0
237232,01:45,0.0,0.0,0.0
237232,02:00,0.0,0.0,0.0
237232,02:15,0.0,0.0,0.0
237232,02:30,0.0,0.0,0.0
237232,02:45,0.0,0.0,0.0
237232,03:00,0.0,0.0,0.0
237232,03:15,0.0,0.0,0.0
237232,03:30,0.0,0.0,0.0
237232,03:45,0.0,0.0,0.0
237232,04:00,0.0,0.0,0.0
237232,04:15,0.0,0.0,0.0
237232,04:30,0.0,0.0,0.0
237232,04:45,0.0,0.0,0.0
237232,05:00,0.0,0.0,0.0
237232,05:15,0.0,0.0,0.0
237232,05:30,0.0,0.0,0.0
237232,05:45,0.0,0.0,0.0
237232,06:00,0.0,0.0,0.0
237232,06:15,0.0,0.0,0.0
237232,06:30,0.0,0.0,0.0
237232,06:45,0.0,0.0,0.0
237232,07:00,0.0,0.0,0.0
237232,07:15,0.0,0.0,0.0
237232,07:30,0.0,0.0,0.0
237232,07:45,0.0,0.0,0.0
237232,08:00,0.0,0.0,0.0
237232,08:15,0.0,0.0,0.0
237232,08:30,0.0,0.0,0.0
237232,08:45,0.0,0.0,0.0
237232,09:00,0.0,0.0,0.0
237232,09:15,0.0,0.0,0.0
237232,09:30,0.0,0.0,0.0
237232,09:45,0.0,0.0,0.0
237232,10:00,0.0,0.0,0.0
237232,10:15,0.0,0.0,0.0
237232,10:30,0.0,0.0,0.0
237232,10:45,0.0,0.0,0.0
237232,11:00,0.0,0.0,0.0
237232,11:15,0.0,0.0,0.0
237232,11:30,0.0,0.0,0.0
237232,11:45,0.0,0.0,0.0
237232,12:00,0.0,0.0,0.0
237232,12:15,0.0,0.0,0.0
237232,12:30,0.0,0.0,0.0
237232,12:45,0.0,0.0,0.0
237232,13:00,0.0,0.0,0.0
237232,13:15,0.0,0.0,0.0
237232,13:30,0.0,0.0,0.0
237232,13:45,0.0,0.0,0.0
237232,14:00,0.0,0.0,0.0
237232,14:15,0.0,0.0,0.0
237232,14:30,0.0,0.0,0.0
237232,14:45,0.0,0.0,0.0
237232,15:00,0.0,0.0,0.0
237232,15:15,0.0,0.0,0.0
237232,15:30,0.0,0.0,0.0
237232,15:45,0.0,0.0,0.0
237232,16:00,0.0,0.0,0.0
237232,16:15,0.0,0.0,0.0
237232,16:30,0.0,0.0,0.0
237232,16:45,0.0,0.0,0.0
237232,17:00,0.0,0.0,0.0
237232,17:15,0.0,0.0,0.0
237232,17:30,0.0,0.0,0.0
237232,17:45,0.0,0.0,0.0
237232,18:00,0.0,0.0,0.0
237232,18:15,0.0,0.0,0.0
237232,18:30,0.0,0.0,0.0
237232,18:45,0.0,0.0,0.0
237232,19:00,0.0,0.0,0.0
237232,19:15,0.0,0.0,0.0
237232,19:30,0.0,0.0,0.0
237232,19:45,0.0,0.0,0.0
237232,20:00,0.0,0.0,0.0
237232,20:15,0.0,0.0,0.0
237232,20:30,0.0,0.0,0.0
237232,20:45,0.0,0.0,0.0
237232,21:00,0.0,0.0,0.0
237232,21:15,0.0,0.0,0.0
237232,21:30,0.0,0.0,0.0
237232,21:45,0.0,0.0,0.0
237232,22:00,0.0,0.0,0.0
237232,22:15,0.0,0.0,0.0
237232,22:30,0.0,0.0,0.0
237232,22:45,0.0,0.0,0.0
237232,23:00,0.0,0.0,0.0
237232,23:15,0.0,0.0,0.0
237232,23:30,0.0,0.0,0.0
237232,23:45,0.0,0.0,0.0
